ISO-10303-21;
HEADER;
/* Generated by software containing ST-Developer
 * from STEP Tools, Inc. (www.steptools.com) 
 */

FILE_DESCRIPTION(
/* description */ (''),
/* implementation_level */ '2;1');

FILE_NAME(
/* name */ 'Case top.step',
/* time_stamp */ '2026-09-21T09:04:56+05:30',
/* author */ (''),
/* organization */ (''),
/* preprocessor_version */ 'ST-DEVELOPER v20.1',
/* originating_system */ 'Autodesk Translation Framework v15.8.0.0',
/* authorisation */ '');

FILE_SCHEMA (('AUTOMOTIVE_DESIGN { 1 0 10303 214 3 1 1 }'));
ENDSEC;

DATA;
#10=MECHANICAL_DESIGN_GEOMETRIC_PRESENTATION_REPRESENTATION('',(#17),#4166);
#11=ITEM_DEFINED_TRANSFORMATION($,$,#2486,#2722);
#12=(
REPRESENTATION_RELATIONSHIP($,$,#4176,#4175)
REPRESENTATION_RELATIONSHIP_WITH_TRANSFORMATION(#11)
SHAPE_REPRESENTATION_RELATIONSHIP()
);
#13=CONTEXT_DEPENDENT_SHAPE_REPRESENTATION(#12,#4174);
#14=NEXT_ASSEMBLY_USAGE_OCCURRENCE('Assemled Keybie:2',
'Assemled Keybie:2','Assemled Keybie:2',#4178,#4179,'Assemled Keybie:2');
#15=SHAPE_REPRESENTATION_RELATIONSHIP('SRR','None',#4176,#16);
#16=ADVANCED_BREP_SHAPE_REPRESENTATION('',(#18),#4165);
#17=STYLED_ITEM('',(#4189),#18);
#18=MANIFOLD_SOLID_BREP('Body1',#2484);
#19=FACE_BOUND('',#360,.T.);
#20=FACE_BOUND('',#361,.T.);
#21=FACE_BOUND('',#362,.T.);
#22=FACE_BOUND('',#363,.T.);
#23=FACE_BOUND('',#364,.T.);
#24=FACE_BOUND('',#365,.T.);
#25=FACE_BOUND('',#366,.T.);
#26=FACE_BOUND('',#367,.T.);
#27=FACE_BOUND('',#368,.T.);
#28=FACE_BOUND('',#369,.T.);
#29=FACE_BOUND('',#370,.T.);
#30=FACE_BOUND('',#371,.T.);
#31=FACE_BOUND('',#372,.T.);
#32=FACE_BOUND('',#373,.T.);
#33=FACE_BOUND('',#374,.T.);
#34=FACE_BOUND('',#375,.T.);
#35=FACE_BOUND('',#376,.T.);
#36=FACE_BOUND('',#377,.T.);
#37=FACE_BOUND('',#379,.T.);
#38=FACE_BOUND('',#380,.T.);
#39=FACE_BOUND('',#381,.T.);
#40=FACE_BOUND('',#382,.T.);
#41=FACE_BOUND('',#383,.T.);
#42=FACE_BOUND('',#384,.T.);
#43=FACE_BOUND('',#385,.T.);
#44=FACE_BOUND('',#386,.T.);
#45=FACE_BOUND('',#387,.T.);
#46=FACE_BOUND('',#388,.T.);
#47=FACE_BOUND('',#389,.T.);
#48=FACE_BOUND('',#390,.T.);
#49=FACE_BOUND('',#391,.T.);
#50=FACE_BOUND('',#392,.T.);
#51=FACE_BOUND('',#393,.T.);
#52=FACE_BOUND('',#394,.T.);
#53=FACE_BOUND('',#395,.T.);
#54=FACE_BOUND('',#396,.T.);
#55=PLANE('',#2490);
#56=PLANE('',#2491);
#57=PLANE('',#2492);
#58=PLANE('',#2493);
#59=PLANE('',#2494);
#60=PLANE('',#2495);
#61=PLANE('',#2496);
#62=PLANE('',#2497);
#63=PLANE('',#2498);
#64=PLANE('',#2499);
#65=PLANE('',#2503);
#66=PLANE('',#2507);
#67=PLANE('',#2511);
#68=PLANE('',#2515);
#69=PLANE('',#2519);
#70=PLANE('',#2523);
#71=PLANE('',#2527);
#72=PLANE('',#2531);
#73=PLANE('',#2535);
#74=PLANE('',#2539);
#75=PLANE('',#2543);
#76=PLANE('',#2547);
#77=PLANE('',#2551);
#78=PLANE('',#2555);
#79=PLANE('',#2559);
#80=PLANE('',#2566);
#81=PLANE('',#2570);
#82=PLANE('',#2574);
#83=PLANE('',#2578);
#84=PLANE('',#2582);
#85=PLANE('',#2586);
#86=PLANE('',#2590);
#87=PLANE('',#2594);
#88=PLANE('',#2598);
#89=PLANE('',#2602);
#90=PLANE('',#2606);
#91=PLANE('',#2610);
#92=PLANE('',#2614);
#93=PLANE('',#2618);
#94=PLANE('',#2622);
#95=PLANE('',#2626);
#96=PLANE('',#2630);
#97=PLANE('',#2634);
#98=PLANE('',#2638);
#99=PLANE('',#2642);
#100=PLANE('',#2649);
#101=PLANE('',#2653);
#102=PLANE('',#2657);
#103=PLANE('',#2661);
#104=PLANE('',#2671);
#105=PLANE('',#2675);
#106=PLANE('',#2679);
#107=PLANE('',#2683);
#108=PLANE('',#2687);
#109=PLANE('',#2691);
#110=PLANE('',#2695);
#111=PLANE('',#2699);
#112=PLANE('',#2703);
#113=PLANE('',#2704);
#114=PLANE('',#2708);
#115=PLANE('',#2712);
#116=PLANE('',#2716);
#117=PLANE('',#2720);
#118=PLANE('',#2721);
#119=FACE_OUTER_BOUND('',#240,.T.);
#120=FACE_OUTER_BOUND('',#241,.T.);
#121=FACE_OUTER_BOUND('',#242,.T.);
#122=FACE_OUTER_BOUND('',#243,.T.);
#123=FACE_OUTER_BOUND('',#244,.T.);
#124=FACE_OUTER_BOUND('',#245,.T.);
#125=FACE_OUTER_BOUND('',#246,.T.);
#126=FACE_OUTER_BOUND('',#247,.T.);
#127=FACE_OUTER_BOUND('',#248,.T.);
#128=FACE_OUTER_BOUND('',#249,.T.);
#129=FACE_OUTER_BOUND('',#250,.T.);
#130=FACE_OUTER_BOUND('',#251,.T.);
#131=FACE_OUTER_BOUND('',#252,.T.);
#132=FACE_OUTER_BOUND('',#253,.T.);
#133=FACE_OUTER_BOUND('',#254,.T.);
#134=FACE_OUTER_BOUND('',#255,.T.);
#135=FACE_OUTER_BOUND('',#256,.T.);
#136=FACE_OUTER_BOUND('',#257,.T.);
#137=FACE_OUTER_BOUND('',#258,.T.);
#138=FACE_OUTER_BOUND('',#259,.T.);
#139=FACE_OUTER_BOUND('',#260,.T.);
#140=FACE_OUTER_BOUND('',#261,.T.);
#141=FACE_OUTER_BOUND('',#262,.T.);
#142=FACE_OUTER_BOUND('',#263,.T.);
#143=FACE_OUTER_BOUND('',#264,.T.);
#144=FACE_OUTER_BOUND('',#265,.T.);
#145=FACE_OUTER_BOUND('',#266,.T.);
#146=FACE_OUTER_BOUND('',#267,.T.);
#147=FACE_OUTER_BOUND('',#268,.T.);
#148=FACE_OUTER_BOUND('',#269,.T.);
#149=FACE_OUTER_BOUND('',#270,.T.);
#150=FACE_OUTER_BOUND('',#271,.T.);
#151=FACE_OUTER_BOUND('',#272,.T.);
#152=FACE_OUTER_BOUND('',#273,.T.);
#153=FACE_OUTER_BOUND('',#274,.T.);
#154=FACE_OUTER_BOUND('',#275,.T.);
#155=FACE_OUTER_BOUND('',#276,.T.);
#156=FACE_OUTER_BOUND('',#277,.T.);
#157=FACE_OUTER_BOUND('',#278,.T.);
#158=FACE_OUTER_BOUND('',#279,.T.);
#159=FACE_OUTER_BOUND('',#280,.T.);
#160=FACE_OUTER_BOUND('',#281,.T.);
#161=FACE_OUTER_BOUND('',#282,.T.);
#162=FACE_OUTER_BOUND('',#283,.T.);
#163=FACE_OUTER_BOUND('',#284,.T.);
#164=FACE_OUTER_BOUND('',#285,.T.);
#165=FACE_OUTER_BOUND('',#286,.T.);
#166=FACE_OUTER_BOUND('',#287,.T.);
#167=FACE_OUTER_BOUND('',#288,.T.);
#168=FACE_OUTER_BOUND('',#289,.T.);
#169=FACE_OUTER_BOUND('',#290,.T.);
#170=FACE_OUTER_BOUND('',#291,.T.);
#171=FACE_OUTER_BOUND('',#292,.T.);
#172=FACE_OUTER_BOUND('',#293,.T.);
#173=FACE_OUTER_BOUND('',#294,.T.);
#174=FACE_OUTER_BOUND('',#295,.T.);
#175=FACE_OUTER_BOUND('',#296,.T.);
#176=FACE_OUTER_BOUND('',#297,.T.);
#177=FACE_OUTER_BOUND('',#298,.T.);
#178=FACE_OUTER_BOUND('',#299,.T.);
#179=FACE_OUTER_BOUND('',#300,.T.);
#180=FACE_OUTER_BOUND('',#301,.T.);
#181=FACE_OUTER_BOUND('',#302,.T.);
#182=FACE_OUTER_BOUND('',#303,.T.);
#183=FACE_OUTER_BOUND('',#304,.T.);
#184=FACE_OUTER_BOUND('',#305,.T.);
#185=FACE_OUTER_BOUND('',#306,.T.);
#186=FACE_OUTER_BOUND('',#307,.T.);
#187=FACE_OUTER_BOUND('',#308,.T.);
#188=FACE_OUTER_BOUND('',#309,.T.);
#189=FACE_OUTER_BOUND('',#310,.T.);
#190=FACE_OUTER_BOUND('',#311,.T.);
#191=FACE_OUTER_BOUND('',#312,.T.);
#192=FACE_OUTER_BOUND('',#313,.T.);
#193=FACE_OUTER_BOUND('',#314,.T.);
#194=FACE_OUTER_BOUND('',#315,.T.);
#195=FACE_OUTER_BOUND('',#316,.T.);
#196=FACE_OUTER_BOUND('',#317,.T.);
#197=FACE_OUTER_BOUND('',#318,.T.);
#198=FACE_OUTER_BOUND('',#319,.T.);
#199=FACE_OUTER_BOUND('',#320,.T.);
#200=FACE_OUTER_BOUND('',#321,.T.);
#201=FACE_OUTER_BOUND('',#322,.T.);
#202=FACE_OUTER_BOUND('',#323,.T.);
#203=FACE_OUTER_BOUND('',#324,.T.);
#204=FACE_OUTER_BOUND('',#325,.T.);
#205=FACE_OUTER_BOUND('',#326,.T.);
#206=FACE_OUTER_BOUND('',#327,.T.);
#207=FACE_OUTER_BOUND('',#328,.T.);
#208=FACE_OUTER_BOUND('',#329,.T.);
#209=FACE_OUTER_BOUND('',#330,.T.);
#210=FACE_OUTER_BOUND('',#331,.T.);
#211=FACE_OUTER_BOUND('',#332,.T.);
#212=FACE_OUTER_BOUND('',#333,.T.);
#213=FACE_OUTER_BOUND('',#334,.T.);
#214=FACE_OUTER_BOUND('',#335,.T.);
#215=FACE_OUTER_BOUND('',#336,.T.);
#216=FACE_OUTER_BOUND('',#337,.T.);
#217=FACE_OUTER_BOUND('',#338,.T.);
#218=FACE_OUTER_BOUND('',#339,.T.);
#219=FACE_OUTER_BOUND('',#340,.T.);
#220=FACE_OUTER_BOUND('',#341,.T.);
#221=FACE_OUTER_BOUND('',#342,.T.);
#222=FACE_OUTER_BOUND('',#343,.T.);
#223=FACE_OUTER_BOUND('',#344,.T.);
#224=FACE_OUTER_BOUND('',#345,.T.);
#225=FACE_OUTER_BOUND('',#346,.T.);
#226=FACE_OUTER_BOUND('',#347,.T.);
#227=FACE_OUTER_BOUND('',#348,.T.);
#228=FACE_OUTER_BOUND('',#349,.T.);
#229=FACE_OUTER_BOUND('',#350,.T.);
#230=FACE_OUTER_BOUND('',#351,.T.);
#231=FACE_OUTER_BOUND('',#352,.T.);
#232=FACE_OUTER_BOUND('',#353,.T.);
#233=FACE_OUTER_BOUND('',#354,.T.);
#234=FACE_OUTER_BOUND('',#355,.T.);
#235=FACE_OUTER_BOUND('',#356,.T.);
#236=FACE_OUTER_BOUND('',#357,.T.);
#237=FACE_OUTER_BOUND('',#358,.T.);
#238=FACE_OUTER_BOUND('',#359,.T.);
#239=FACE_OUTER_BOUND('',#378,.T.);
#240=EDGE_LOOP('',(#1592,#1593,#1594,#1595));
#241=EDGE_LOOP('',(#1596,#1597,#1598,#1599));
#242=EDGE_LOOP('',(#1600,#1601,#1602,#1603));
#243=EDGE_LOOP('',(#1604,#1605,#1606,#1607));
#244=EDGE_LOOP('',(#1608,#1609,#1610,#1611));
#245=EDGE_LOOP('',(#1612,#1613,#1614,#1615));
#246=EDGE_LOOP('',(#1616,#1617,#1618,#1619));
#247=EDGE_LOOP('',(#1620,#1621,#1622,#1623));
#248=EDGE_LOOP('',(#1624,#1625,#1626,#1627));
#249=EDGE_LOOP('',(#1628,#1629,#1630,#1631,#1632,#1633,#1634,#1635));
#250=EDGE_LOOP('',(#1636,#1637,#1638,#1639));
#251=EDGE_LOOP('',(#1640,#1641,#1642,#1643));
#252=EDGE_LOOP('',(#1644,#1645,#1646,#1647));
#253=EDGE_LOOP('',(#1648,#1649,#1650,#1651));
#254=EDGE_LOOP('',(#1652,#1653,#1654,#1655));
#255=EDGE_LOOP('',(#1656,#1657,#1658,#1659));
#256=EDGE_LOOP('',(#1660,#1661,#1662,#1663));
#257=EDGE_LOOP('',(#1664,#1665,#1666,#1667));
#258=EDGE_LOOP('',(#1668,#1669,#1670,#1671));
#259=EDGE_LOOP('',(#1672,#1673,#1674,#1675));
#260=EDGE_LOOP('',(#1676,#1677,#1678,#1679));
#261=EDGE_LOOP('',(#1680,#1681,#1682,#1683));
#262=EDGE_LOOP('',(#1684,#1685,#1686,#1687));
#263=EDGE_LOOP('',(#1688,#1689,#1690,#1691));
#264=EDGE_LOOP('',(#1692,#1693,#1694,#1695));
#265=EDGE_LOOP('',(#1696,#1697,#1698,#1699));
#266=EDGE_LOOP('',(#1700,#1701,#1702,#1703));
#267=EDGE_LOOP('',(#1704,#1705,#1706,#1707));
#268=EDGE_LOOP('',(#1708,#1709,#1710,#1711));
#269=EDGE_LOOP('',(#1712,#1713,#1714,#1715));
#270=EDGE_LOOP('',(#1716,#1717,#1718,#1719));
#271=EDGE_LOOP('',(#1720,#1721,#1722,#1723));
#272=EDGE_LOOP('',(#1724,#1725,#1726,#1727));
#273=EDGE_LOOP('',(#1728,#1729,#1730,#1731));
#274=EDGE_LOOP('',(#1732,#1733,#1734,#1735));
#275=EDGE_LOOP('',(#1736,#1737,#1738,#1739));
#276=EDGE_LOOP('',(#1740,#1741,#1742,#1743));
#277=EDGE_LOOP('',(#1744,#1745,#1746,#1747));
#278=EDGE_LOOP('',(#1748,#1749,#1750,#1751));
#279=EDGE_LOOP('',(#1752,#1753,#1754,#1755));
#280=EDGE_LOOP('',(#1756,#1757,#1758,#1759));
#281=EDGE_LOOP('',(#1760,#1761,#1762,#1763));
#282=EDGE_LOOP('',(#1764,#1765,#1766,#1767));
#283=EDGE_LOOP('',(#1768,#1769,#1770,#1771));
#284=EDGE_LOOP('',(#1772,#1773,#1774,#1775));
#285=EDGE_LOOP('',(#1776,#1777,#1778,#1779));
#286=EDGE_LOOP('',(#1780,#1781,#1782,#1783));
#287=EDGE_LOOP('',(#1784,#1785,#1786,#1787));
#288=EDGE_LOOP('',(#1788,#1789,#1790,#1791));
#289=EDGE_LOOP('',(#1792,#1793,#1794,#1795));
#290=EDGE_LOOP('',(#1796,#1797,#1798,#1799));
#291=EDGE_LOOP('',(#1800,#1801,#1802,#1803));
#292=EDGE_LOOP('',(#1804,#1805,#1806,#1807));
#293=EDGE_LOOP('',(#1808,#1809,#1810,#1811));
#294=EDGE_LOOP('',(#1812,#1813,#1814,#1815));
#295=EDGE_LOOP('',(#1816,#1817,#1818,#1819));
#296=EDGE_LOOP('',(#1820,#1821,#1822,#1823));
#297=EDGE_LOOP('',(#1824,#1825,#1826,#1827));
#298=EDGE_LOOP('',(#1828,#1829,#1830,#1831));
#299=EDGE_LOOP('',(#1832,#1833,#1834,#1835));
#300=EDGE_LOOP('',(#1836,#1837,#1838,#1839));
#301=EDGE_LOOP('',(#1840,#1841,#1842,#1843));
#302=EDGE_LOOP('',(#1844,#1845,#1846,#1847));
#303=EDGE_LOOP('',(#1848,#1849,#1850,#1851));
#304=EDGE_LOOP('',(#1852,#1853,#1854,#1855));
#305=EDGE_LOOP('',(#1856,#1857,#1858,#1859));
#306=EDGE_LOOP('',(#1860,#1861,#1862,#1863));
#307=EDGE_LOOP('',(#1864,#1865,#1866,#1867));
#308=EDGE_LOOP('',(#1868,#1869,#1870,#1871));
#309=EDGE_LOOP('',(#1872,#1873,#1874,#1875));
#310=EDGE_LOOP('',(#1876,#1877,#1878,#1879));
#311=EDGE_LOOP('',(#1880,#1881,#1882,#1883));
#312=EDGE_LOOP('',(#1884,#1885,#1886,#1887));
#313=EDGE_LOOP('',(#1888,#1889,#1890,#1891));
#314=EDGE_LOOP('',(#1892,#1893,#1894,#1895));
#315=EDGE_LOOP('',(#1896,#1897,#1898,#1899));
#316=EDGE_LOOP('',(#1900,#1901,#1902,#1903));
#317=EDGE_LOOP('',(#1904,#1905,#1906,#1907));
#318=EDGE_LOOP('',(#1908,#1909,#1910,#1911));
#319=EDGE_LOOP('',(#1912,#1913,#1914,#1915));
#320=EDGE_LOOP('',(#1916,#1917,#1918,#1919));
#321=EDGE_LOOP('',(#1920,#1921,#1922,#1923));
#322=EDGE_LOOP('',(#1924,#1925,#1926,#1927));
#323=EDGE_LOOP('',(#1928,#1929,#1930,#1931));
#324=EDGE_LOOP('',(#1932,#1933,#1934,#1935));
#325=EDGE_LOOP('',(#1936,#1937,#1938,#1939));
#326=EDGE_LOOP('',(#1940,#1941,#1942,#1943));
#327=EDGE_LOOP('',(#1944,#1945,#1946,#1947));
#328=EDGE_LOOP('',(#1948,#1949,#1950,#1951));
#329=EDGE_LOOP('',(#1952,#1953,#1954,#1955));
#330=EDGE_LOOP('',(#1956,#1957,#1958,#1959));
#331=EDGE_LOOP('',(#1960,#1961,#1962,#1963));
#332=EDGE_LOOP('',(#1964,#1965,#1966,#1967));
#333=EDGE_LOOP('',(#1968,#1969,#1970,#1971));
#334=EDGE_LOOP('',(#1972,#1973,#1974,#1975));
#335=EDGE_LOOP('',(#1976,#1977,#1978,#1979));
#336=EDGE_LOOP('',(#1980,#1981,#1982,#1983));
#337=EDGE_LOOP('',(#1984,#1985,#1986,#1987));
#338=EDGE_LOOP('',(#1988,#1989,#1990,#1991));
#339=EDGE_LOOP('',(#1992,#1993,#1994,#1995));
#340=EDGE_LOOP('',(#1996,#1997,#1998,#1999));
#341=EDGE_LOOP('',(#2000,#2001,#2002,#2003));
#342=EDGE_LOOP('',(#2004,#2005,#2006,#2007));
#343=EDGE_LOOP('',(#2008,#2009,#2010,#2011));
#344=EDGE_LOOP('',(#2012,#2013,#2014,#2015));
#345=EDGE_LOOP('',(#2016,#2017,#2018,#2019));
#346=EDGE_LOOP('',(#2020,#2021,#2022,#2023));
#347=EDGE_LOOP('',(#2024,#2025,#2026,#2027));
#348=EDGE_LOOP('',(#2028,#2029,#2030,#2031));
#349=EDGE_LOOP('',(#2032,#2033,#2034,#2035));
#350=EDGE_LOOP('',(#2036,#2037,#2038,#2039));
#351=EDGE_LOOP('',(#2040,#2041,#2042,#2043));
#352=EDGE_LOOP('',(#2044,#2045,#2046,#2047));
#353=EDGE_LOOP('',(#2048,#2049,#2050,#2051));
#354=EDGE_LOOP('',(#2052,#2053,#2054,#2055));
#355=EDGE_LOOP('',(#2056,#2057,#2058,#2059));
#356=EDGE_LOOP('',(#2060,#2061,#2062,#2063));
#357=EDGE_LOOP('',(#2064,#2065,#2066,#2067));
#358=EDGE_LOOP('',(#2068,#2069,#2070,#2071));
#359=EDGE_LOOP('',(#2072,#2073,#2074,#2075,#2076,#2077,#2078,#2079,#2080,
#2081));
#360=EDGE_LOOP('',(#2082));
#361=EDGE_LOOP('',(#2083,#2084,#2085,#2086));
#362=EDGE_LOOP('',(#2087,#2088,#2089,#2090,#2091,#2092,#2093,#2094));
#363=EDGE_LOOP('',(#2095,#2096,#2097,#2098,#2099,#2100,#2101,#2102));
#364=EDGE_LOOP('',(#2103));
#365=EDGE_LOOP('',(#2104));
#366=EDGE_LOOP('',(#2105,#2106,#2107,#2108,#2109,#2110,#2111,#2112));
#367=EDGE_LOOP('',(#2113));
#368=EDGE_LOOP('',(#2114,#2115,#2116,#2117,#2118,#2119,#2120,#2121));
#369=EDGE_LOOP('',(#2122,#2123,#2124,#2125,#2126,#2127,#2128,#2129));
#370=EDGE_LOOP('',(#2130,#2131,#2132,#2133,#2134,#2135,#2136,#2137));
#371=EDGE_LOOP('',(#2138,#2139,#2140,#2141,#2142,#2143,#2144,#2145));
#372=EDGE_LOOP('',(#2146,#2147,#2148,#2149,#2150,#2151,#2152,#2153));
#373=EDGE_LOOP('',(#2154));
#374=EDGE_LOOP('',(#2155,#2156,#2157,#2158,#2159,#2160,#2161,#2162));
#375=EDGE_LOOP('',(#2163,#2164,#2165,#2166,#2167,#2168,#2169,#2170));
#376=EDGE_LOOP('',(#2171,#2172,#2173,#2174,#2175,#2176,#2177,#2178));
#377=EDGE_LOOP('',(#2179,#2180,#2181,#2182,#2183,#2184,#2185,#2186));
#378=EDGE_LOOP('',(#2187,#2188,#2189,#2190,#2191,#2192,#2193,#2194,#2195,
#2196,#2197,#2198,#2199,#2200));
#379=EDGE_LOOP('',(#2201));
#380=EDGE_LOOP('',(#2202,#2203,#2204,#2205));
#381=EDGE_LOOP('',(#2206,#2207,#2208,#2209,#2210,#2211,#2212,#2213));
#382=EDGE_LOOP('',(#2214,#2215,#2216,#2217,#2218,#2219,#2220,#2221));
#383=EDGE_LOOP('',(#2222));
#384=EDGE_LOOP('',(#2223));
#385=EDGE_LOOP('',(#2224,#2225,#2226,#2227,#2228,#2229,#2230,#2231));
#386=EDGE_LOOP('',(#2232));
#387=EDGE_LOOP('',(#2233,#2234,#2235,#2236,#2237,#2238,#2239,#2240));
#388=EDGE_LOOP('',(#2241,#2242,#2243,#2244,#2245,#2246,#2247,#2248));
#389=EDGE_LOOP('',(#2249,#2250,#2251,#2252,#2253,#2254,#2255,#2256));
#390=EDGE_LOOP('',(#2257,#2258,#2259,#2260,#2261,#2262,#2263,#2264));
#391=EDGE_LOOP('',(#2265,#2266,#2267,#2268,#2269,#2270,#2271,#2272));
#392=EDGE_LOOP('',(#2273));
#393=EDGE_LOOP('',(#2274,#2275,#2276,#2277,#2278,#2279,#2280,#2281));
#394=EDGE_LOOP('',(#2282,#2283,#2284,#2285,#2286,#2287,#2288,#2289));
#395=EDGE_LOOP('',(#2290,#2291,#2292,#2293,#2294,#2295,#2296,#2297));
#396=EDGE_LOOP('',(#2298,#2299,#2300,#2301,#2302,#2303,#2304,#2305));
#397=LINE('',#3448,#640);
#398=LINE('',#3453,#641);
#399=LINE('',#3455,#642);
#400=LINE('',#3457,#643);
#401=LINE('',#3458,#644);
#402=LINE('',#3461,#645);
#403=LINE('',#3463,#646);
#404=LINE('',#3464,#647);
#405=LINE('',#3467,#648);
#406=LINE('',#3469,#649);
#407=LINE('',#3470,#650);
#408=LINE('',#3472,#651);
#409=LINE('',#3473,#652);
#410=LINE('',#3477,#653);
#411=LINE('',#3479,#654);
#412=LINE('',#3481,#655);
#413=LINE('',#3482,#656);
#414=LINE('',#3485,#657);
#415=LINE('',#3487,#658);
#416=LINE('',#3488,#659);
#417=LINE('',#3491,#660);
#418=LINE('',#3493,#661);
#419=LINE('',#3494,#662);
#420=LINE('',#3496,#663);
#421=LINE('',#3499,#664);
#422=LINE('',#3501,#665);
#423=LINE('',#3503,#666);
#424=LINE('',#3505,#667);
#425=LINE('',#3506,#668);
#426=LINE('',#3510,#669);
#427=LINE('',#3512,#670);
#428=LINE('',#3514,#671);
#429=LINE('',#3515,#672);
#430=LINE('',#3521,#673);
#431=LINE('',#3524,#674);
#432=LINE('',#3526,#675);
#433=LINE('',#3527,#676);
#434=LINE('',#3533,#677);
#435=LINE('',#3536,#678);
#436=LINE('',#3538,#679);
#437=LINE('',#3539,#680);
#438=LINE('',#3545,#681);
#439=LINE('',#3548,#682);
#440=LINE('',#3550,#683);
#441=LINE('',#3551,#684);
#442=LINE('',#3558,#685);
#443=LINE('',#3560,#686);
#444=LINE('',#3562,#687);
#445=LINE('',#3563,#688);
#446=LINE('',#3569,#689);
#447=LINE('',#3572,#690);
#448=LINE('',#3574,#691);
#449=LINE('',#3575,#692);
#450=LINE('',#3581,#693);
#451=LINE('',#3584,#694);
#452=LINE('',#3586,#695);
#453=LINE('',#3587,#696);
#454=LINE('',#3593,#697);
#455=LINE('',#3596,#698);
#456=LINE('',#3598,#699);
#457=LINE('',#3599,#700);
#458=LINE('',#3606,#701);
#459=LINE('',#3608,#702);
#460=LINE('',#3610,#703);
#461=LINE('',#3611,#704);
#462=LINE('',#3617,#705);
#463=LINE('',#3620,#706);
#464=LINE('',#3622,#707);
#465=LINE('',#3623,#708);
#466=LINE('',#3629,#709);
#467=LINE('',#3632,#710);
#468=LINE('',#3634,#711);
#469=LINE('',#3635,#712);
#470=LINE('',#3641,#713);
#471=LINE('',#3644,#714);
#472=LINE('',#3646,#715);
#473=LINE('',#3647,#716);
#474=LINE('',#3654,#717);
#475=LINE('',#3656,#718);
#476=LINE('',#3658,#719);
#477=LINE('',#3659,#720);
#478=LINE('',#3665,#721);
#479=LINE('',#3668,#722);
#480=LINE('',#3670,#723);
#481=LINE('',#3671,#724);
#482=LINE('',#3677,#725);
#483=LINE('',#3680,#726);
#484=LINE('',#3682,#727);
#485=LINE('',#3683,#728);
#486=LINE('',#3689,#729);
#487=LINE('',#3692,#730);
#488=LINE('',#3694,#731);
#489=LINE('',#3695,#732);
#490=LINE('',#3703,#733);
#491=LINE('',#3708,#734);
#492=LINE('',#3710,#735);
#493=LINE('',#3712,#736);
#494=LINE('',#3713,#737);
#495=LINE('',#3719,#738);
#496=LINE('',#3722,#739);
#497=LINE('',#3724,#740);
#498=LINE('',#3725,#741);
#499=LINE('',#3731,#742);
#500=LINE('',#3734,#743);
#501=LINE('',#3736,#744);
#502=LINE('',#3737,#745);
#503=LINE('',#3743,#746);
#504=LINE('',#3746,#747);
#505=LINE('',#3748,#748);
#506=LINE('',#3749,#749);
#507=LINE('',#3756,#750);
#508=LINE('',#3758,#751);
#509=LINE('',#3760,#752);
#510=LINE('',#3761,#753);
#511=LINE('',#3767,#754);
#512=LINE('',#3770,#755);
#513=LINE('',#3772,#756);
#514=LINE('',#3773,#757);
#515=LINE('',#3779,#758);
#516=LINE('',#3782,#759);
#517=LINE('',#3784,#760);
#518=LINE('',#3785,#761);
#519=LINE('',#3791,#762);
#520=LINE('',#3794,#763);
#521=LINE('',#3796,#764);
#522=LINE('',#3797,#765);
#523=LINE('',#3804,#766);
#524=LINE('',#3806,#767);
#525=LINE('',#3808,#768);
#526=LINE('',#3809,#769);
#527=LINE('',#3815,#770);
#528=LINE('',#3818,#771);
#529=LINE('',#3820,#772);
#530=LINE('',#3821,#773);
#531=LINE('',#3827,#774);
#532=LINE('',#3830,#775);
#533=LINE('',#3832,#776);
#534=LINE('',#3833,#777);
#535=LINE('',#3839,#778);
#536=LINE('',#3842,#779);
#537=LINE('',#3844,#780);
#538=LINE('',#3845,#781);
#539=LINE('',#3852,#782);
#540=LINE('',#3854,#783);
#541=LINE('',#3856,#784);
#542=LINE('',#3857,#785);
#543=LINE('',#3863,#786);
#544=LINE('',#3866,#787);
#545=LINE('',#3868,#788);
#546=LINE('',#3869,#789);
#547=LINE('',#3875,#790);
#548=LINE('',#3878,#791);
#549=LINE('',#3880,#792);
#550=LINE('',#3881,#793);
#551=LINE('',#3887,#794);
#552=LINE('',#3890,#795);
#553=LINE('',#3892,#796);
#554=LINE('',#3893,#797);
#555=LINE('',#3900,#798);
#556=LINE('',#3902,#799);
#557=LINE('',#3904,#800);
#558=LINE('',#3905,#801);
#559=LINE('',#3911,#802);
#560=LINE('',#3914,#803);
#561=LINE('',#3916,#804);
#562=LINE('',#3917,#805);
#563=LINE('',#3923,#806);
#564=LINE('',#3926,#807);
#565=LINE('',#3928,#808);
#566=LINE('',#3929,#809);
#567=LINE('',#3935,#810);
#568=LINE('',#3938,#811);
#569=LINE('',#3940,#812);
#570=LINE('',#3941,#813);
#571=LINE('',#3949,#814);
#572=LINE('',#3954,#815);
#573=LINE('',#3956,#816);
#574=LINE('',#3958,#817);
#575=LINE('',#3959,#818);
#576=LINE('',#3965,#819);
#577=LINE('',#3968,#820);
#578=LINE('',#3970,#821);
#579=LINE('',#3971,#822);
#580=LINE('',#3977,#823);
#581=LINE('',#3980,#824);
#582=LINE('',#3982,#825);
#583=LINE('',#3983,#826);
#584=LINE('',#3989,#827);
#585=LINE('',#3992,#828);
#586=LINE('',#3994,#829);
#587=LINE('',#3995,#830);
#588=LINE('',#4003,#831);
#589=LINE('',#4009,#832);
#590=LINE('',#4014,#833);
#591=LINE('',#4016,#834);
#592=LINE('',#4018,#835);
#593=LINE('',#4019,#836);
#594=LINE('',#4025,#837);
#595=LINE('',#4028,#838);
#596=LINE('',#4030,#839);
#597=LINE('',#4031,#840);
#598=LINE('',#4037,#841);
#599=LINE('',#4040,#842);
#600=LINE('',#4042,#843);
#601=LINE('',#4043,#844);
#602=LINE('',#4049,#845);
#603=LINE('',#4052,#846);
#604=LINE('',#4054,#847);
#605=LINE('',#4055,#848);
#606=LINE('',#4062,#849);
#607=LINE('',#4064,#850);
#608=LINE('',#4066,#851);
#609=LINE('',#4067,#852);
#610=LINE('',#4073,#853);
#611=LINE('',#4076,#854);
#612=LINE('',#4078,#855);
#613=LINE('',#4079,#856);
#614=LINE('',#4085,#857);
#615=LINE('',#4088,#858);
#616=LINE('',#4090,#859);
#617=LINE('',#4091,#860);
#618=LINE('',#4097,#861);
#619=LINE('',#4100,#862);
#620=LINE('',#4102,#863);
#621=LINE('',#4103,#864);
#622=LINE('',#4109,#865);
#623=LINE('',#4111,#866);
#624=LINE('',#4112,#867);
#625=LINE('',#4115,#868);
#626=LINE('',#4117,#869);
#627=LINE('',#4118,#870);
#628=LINE('',#4124,#871);
#629=LINE('',#4127,#872);
#630=LINE('',#4129,#873);
#631=LINE('',#4130,#874);
#632=LINE('',#4136,#875);
#633=LINE('',#4139,#876);
#634=LINE('',#4141,#877);
#635=LINE('',#4142,#878);
#636=LINE('',#4148,#879);
#637=LINE('',#4151,#880);
#638=LINE('',#4153,#881);
#639=LINE('',#4154,#882);
#640=VECTOR('',#2731,4.25);
#641=VECTOR('',#2736,10.);
#642=VECTOR('',#2737,10.);
#643=VECTOR('',#2738,10.);
#644=VECTOR('',#2739,10.);
#645=VECTOR('',#2742,10.);
#646=VECTOR('',#2743,10.);
#647=VECTOR('',#2744,10.);
#648=VECTOR('',#2747,10.);
#649=VECTOR('',#2748,10.);
#650=VECTOR('',#2749,10.);
#651=VECTOR('',#2752,10.);
#652=VECTOR('',#2753,10.);
#653=VECTOR('',#2756,10.);
#654=VECTOR('',#2757,10.);
#655=VECTOR('',#2758,10.);
#656=VECTOR('',#2759,10.);
#657=VECTOR('',#2762,10.);
#658=VECTOR('',#2763,10.);
#659=VECTOR('',#2764,10.);
#660=VECTOR('',#2767,10.);
#661=VECTOR('',#2768,10.);
#662=VECTOR('',#2769,10.);
#663=VECTOR('',#2772,10.);
#664=VECTOR('',#2775,10.);
#665=VECTOR('',#2776,10.);
#666=VECTOR('',#2777,10.);
#667=VECTOR('',#2778,10.);
#668=VECTOR('',#2779,10.);
#669=VECTOR('',#2782,10.);
#670=VECTOR('',#2783,10.);
#671=VECTOR('',#2784,10.);
#672=VECTOR('',#2785,10.);
#673=VECTOR('',#2792,10.);
#674=VECTOR('',#2795,10.);
#675=VECTOR('',#2796,10.);
#676=VECTOR('',#2797,10.);
#677=VECTOR('',#2804,10.);
#678=VECTOR('',#2807,10.);
#679=VECTOR('',#2808,10.);
#680=VECTOR('',#2809,10.);
#681=VECTOR('',#2816,10.);
#682=VECTOR('',#2819,10.);
#683=VECTOR('',#2820,10.);
#684=VECTOR('',#2821,10.);
#685=VECTOR('',#2830,10.);
#686=VECTOR('',#2831,10.);
#687=VECTOR('',#2832,10.);
#688=VECTOR('',#2833,10.);
#689=VECTOR('',#2840,10.);
#690=VECTOR('',#2843,10.);
#691=VECTOR('',#2844,10.);
#692=VECTOR('',#2845,10.);
#693=VECTOR('',#2852,10.);
#694=VECTOR('',#2855,10.);
#695=VECTOR('',#2856,10.);
#696=VECTOR('',#2857,10.);
#697=VECTOR('',#2864,10.);
#698=VECTOR('',#2867,10.);
#699=VECTOR('',#2868,10.);
#700=VECTOR('',#2869,10.);
#701=VECTOR('',#2878,10.);
#702=VECTOR('',#2879,10.);
#703=VECTOR('',#2880,10.);
#704=VECTOR('',#2881,10.);
#705=VECTOR('',#2888,10.);
#706=VECTOR('',#2891,10.);
#707=VECTOR('',#2892,10.);
#708=VECTOR('',#2893,10.);
#709=VECTOR('',#2900,10.);
#710=VECTOR('',#2903,10.);
#711=VECTOR('',#2904,10.);
#712=VECTOR('',#2905,10.);
#713=VECTOR('',#2912,10.);
#714=VECTOR('',#2915,10.);
#715=VECTOR('',#2916,10.);
#716=VECTOR('',#2917,10.);
#717=VECTOR('',#2926,10.);
#718=VECTOR('',#2927,10.);
#719=VECTOR('',#2928,10.);
#720=VECTOR('',#2929,10.);
#721=VECTOR('',#2936,10.);
#722=VECTOR('',#2939,10.);
#723=VECTOR('',#2940,10.);
#724=VECTOR('',#2941,10.);
#725=VECTOR('',#2948,10.);
#726=VECTOR('',#2951,10.);
#727=VECTOR('',#2952,10.);
#728=VECTOR('',#2953,10.);
#729=VECTOR('',#2960,10.);
#730=VECTOR('',#2963,10.);
#731=VECTOR('',#2964,10.);
#732=VECTOR('',#2965,10.);
#733=VECTOR('',#2976,1.7);
#734=VECTOR('',#2981,10.);
#735=VECTOR('',#2982,10.);
#736=VECTOR('',#2983,10.);
#737=VECTOR('',#2984,10.);
#738=VECTOR('',#2991,10.);
#739=VECTOR('',#2994,10.);
#740=VECTOR('',#2995,10.);
#741=VECTOR('',#2996,10.);
#742=VECTOR('',#3003,10.);
#743=VECTOR('',#3006,10.);
#744=VECTOR('',#3007,10.);
#745=VECTOR('',#3008,10.);
#746=VECTOR('',#3015,10.);
#747=VECTOR('',#3018,10.);
#748=VECTOR('',#3019,10.);
#749=VECTOR('',#3020,10.);
#750=VECTOR('',#3029,10.);
#751=VECTOR('',#3030,10.);
#752=VECTOR('',#3031,10.);
#753=VECTOR('',#3032,10.);
#754=VECTOR('',#3039,10.);
#755=VECTOR('',#3042,10.);
#756=VECTOR('',#3043,10.);
#757=VECTOR('',#3044,10.);
#758=VECTOR('',#3051,10.);
#759=VECTOR('',#3054,10.);
#760=VECTOR('',#3055,10.);
#761=VECTOR('',#3056,10.);
#762=VECTOR('',#3063,10.);
#763=VECTOR('',#3066,10.);
#764=VECTOR('',#3067,10.);
#765=VECTOR('',#3068,10.);
#766=VECTOR('',#3077,10.);
#767=VECTOR('',#3078,10.);
#768=VECTOR('',#3079,10.);
#769=VECTOR('',#3080,10.);
#770=VECTOR('',#3087,10.);
#771=VECTOR('',#3090,10.);
#772=VECTOR('',#3091,10.);
#773=VECTOR('',#3092,10.);
#774=VECTOR('',#3099,10.);
#775=VECTOR('',#3102,10.);
#776=VECTOR('',#3103,10.);
#777=VECTOR('',#3104,10.);
#778=VECTOR('',#3111,10.);
#779=VECTOR('',#3114,10.);
#780=VECTOR('',#3115,10.);
#781=VECTOR('',#3116,10.);
#782=VECTOR('',#3125,10.);
#783=VECTOR('',#3126,10.);
#784=VECTOR('',#3127,10.);
#785=VECTOR('',#3128,10.);
#786=VECTOR('',#3135,10.);
#787=VECTOR('',#3138,10.);
#788=VECTOR('',#3139,10.);
#789=VECTOR('',#3140,10.);
#790=VECTOR('',#3147,10.);
#791=VECTOR('',#3150,10.);
#792=VECTOR('',#3151,10.);
#793=VECTOR('',#3152,10.);
#794=VECTOR('',#3159,10.);
#795=VECTOR('',#3162,10.);
#796=VECTOR('',#3163,10.);
#797=VECTOR('',#3164,10.);
#798=VECTOR('',#3173,10.);
#799=VECTOR('',#3174,10.);
#800=VECTOR('',#3175,10.);
#801=VECTOR('',#3176,10.);
#802=VECTOR('',#3183,10.);
#803=VECTOR('',#3186,10.);
#804=VECTOR('',#3187,10.);
#805=VECTOR('',#3188,10.);
#806=VECTOR('',#3195,10.);
#807=VECTOR('',#3198,10.);
#808=VECTOR('',#3199,10.);
#809=VECTOR('',#3200,10.);
#810=VECTOR('',#3207,10.);
#811=VECTOR('',#3210,10.);
#812=VECTOR('',#3211,10.);
#813=VECTOR('',#3212,10.);
#814=VECTOR('',#3223,1.7);
#815=VECTOR('',#3228,10.);
#816=VECTOR('',#3229,10.);
#817=VECTOR('',#3230,10.);
#818=VECTOR('',#3231,10.);
#819=VECTOR('',#3238,10.);
#820=VECTOR('',#3241,10.);
#821=VECTOR('',#3242,10.);
#822=VECTOR('',#3243,10.);
#823=VECTOR('',#3250,10.);
#824=VECTOR('',#3253,10.);
#825=VECTOR('',#3254,10.);
#826=VECTOR('',#3255,10.);
#827=VECTOR('',#3262,10.);
#828=VECTOR('',#3265,10.);
#829=VECTOR('',#3266,10.);
#830=VECTOR('',#3267,10.);
#831=VECTOR('',#3278,1.7);
#832=VECTOR('',#3285,1.7);
#833=VECTOR('',#3290,10.);
#834=VECTOR('',#3291,10.);
#835=VECTOR('',#3292,10.);
#836=VECTOR('',#3293,10.);
#837=VECTOR('',#3300,10.);
#838=VECTOR('',#3303,10.);
#839=VECTOR('',#3304,10.);
#840=VECTOR('',#3305,10.);
#841=VECTOR('',#3312,10.);
#842=VECTOR('',#3315,10.);
#843=VECTOR('',#3316,10.);
#844=VECTOR('',#3317,10.);
#845=VECTOR('',#3324,10.);
#846=VECTOR('',#3327,10.);
#847=VECTOR('',#3328,10.);
#848=VECTOR('',#3329,10.);
#849=VECTOR('',#3338,10.);
#850=VECTOR('',#3339,10.);
#851=VECTOR('',#3340,10.);
#852=VECTOR('',#3341,10.);
#853=VECTOR('',#3348,10.);
#854=VECTOR('',#3351,10.);
#855=VECTOR('',#3352,10.);
#856=VECTOR('',#3353,10.);
#857=VECTOR('',#3360,10.);
#858=VECTOR('',#3363,10.);
#859=VECTOR('',#3364,10.);
#860=VECTOR('',#3365,10.);
#861=VECTOR('',#3372,10.);
#862=VECTOR('',#3375,10.);
#863=VECTOR('',#3376,10.);
#864=VECTOR('',#3377,10.);
#865=VECTOR('',#3386,10.);
#866=VECTOR('',#3387,10.);
#867=VECTOR('',#3388,10.);
#868=VECTOR('',#3391,10.);
#869=VECTOR('',#3392,10.);
#870=VECTOR('',#3393,10.);
#871=VECTOR('',#3400,10.);
#872=VECTOR('',#3403,10.);
#873=VECTOR('',#3404,10.);
#874=VECTOR('',#3405,10.);
#875=VECTOR('',#3412,10.);
#876=VECTOR('',#3415,10.);
#877=VECTOR('',#3416,10.);
#878=VECTOR('',#3417,10.);
#879=VECTOR('',#3424,10.);
#880=VECTOR('',#3427,10.);
#881=VECTOR('',#3428,10.);
#882=VECTOR('',#3429,10.);
#883=CIRCLE('',#2488,4.25);
#884=CIRCLE('',#2489,4.25);
#885=CIRCLE('',#2501,0.499999999999994);
#886=CIRCLE('',#2502,0.499999999999994);
#887=CIRCLE('',#2505,0.5);
#888=CIRCLE('',#2506,0.5);
#889=CIRCLE('',#2509,0.499999999999998);
#890=CIRCLE('',#2510,0.499999999999998);
#891=CIRCLE('',#2513,0.499999999999998);
#892=CIRCLE('',#2514,0.499999999999998);
#893=CIRCLE('',#2517,0.499999999999989);
#894=CIRCLE('',#2518,0.499999999999989);
#895=CIRCLE('',#2521,0.499999999999998);
#896=CIRCLE('',#2522,0.499999999999998);
#897=CIRCLE('',#2525,0.499999999999998);
#898=CIRCLE('',#2526,0.499999999999998);
#899=CIRCLE('',#2529,0.499999999999998);
#900=CIRCLE('',#2530,0.499999999999998);
#901=CIRCLE('',#2533,0.499999999999998);
#902=CIRCLE('',#2534,0.499999999999998);
#903=CIRCLE('',#2537,0.499999999999998);
#904=CIRCLE('',#2538,0.499999999999998);
#905=CIRCLE('',#2541,0.5);
#906=CIRCLE('',#2542,0.5);
#907=CIRCLE('',#2545,0.499999999999998);
#908=CIRCLE('',#2546,0.499999999999998);
#909=CIRCLE('',#2549,0.499999999999998);
#910=CIRCLE('',#2550,0.499999999999998);
#911=CIRCLE('',#2553,0.499999999999998);
#912=CIRCLE('',#2554,0.499999999999998);
#913=CIRCLE('',#2557,0.499999999999998);
#914=CIRCLE('',#2558,0.499999999999998);
#915=CIRCLE('',#2561,0.499999999999998);
#916=CIRCLE('',#2562,0.499999999999998);
#917=CIRCLE('',#2564,1.7);
#918=CIRCLE('',#2565,1.7);
#919=CIRCLE('',#2568,0.499999999999998);
#920=CIRCLE('',#2569,0.499999999999998);
#921=CIRCLE('',#2572,0.499999999999998);
#922=CIRCLE('',#2573,0.499999999999998);
#923=CIRCLE('',#2576,0.499999999999998);
#924=CIRCLE('',#2577,0.499999999999998);
#925=CIRCLE('',#2580,0.499999999999998);
#926=CIRCLE('',#2581,0.499999999999998);
#927=CIRCLE('',#2584,0.499999999999989);
#928=CIRCLE('',#2585,0.499999999999989);
#929=CIRCLE('',#2588,0.499999999999998);
#930=CIRCLE('',#2589,0.499999999999998);
#931=CIRCLE('',#2592,0.499999999999998);
#932=CIRCLE('',#2593,0.499999999999998);
#933=CIRCLE('',#2596,0.499999999999998);
#934=CIRCLE('',#2597,0.499999999999998);
#935=CIRCLE('',#2600,0.499999999999998);
#936=CIRCLE('',#2601,0.499999999999998);
#937=CIRCLE('',#2604,0.499999999999998);
#938=CIRCLE('',#2605,0.499999999999998);
#939=CIRCLE('',#2608,0.499999999999998);
#940=CIRCLE('',#2609,0.499999999999998);
#941=CIRCLE('',#2612,0.499999999999998);
#942=CIRCLE('',#2613,0.499999999999998);
#943=CIRCLE('',#2616,0.499999999999998);
#944=CIRCLE('',#2617,0.499999999999998);
#945=CIRCLE('',#2620,0.499999999999998);
#946=CIRCLE('',#2621,0.499999999999998);
#947=CIRCLE('',#2624,0.499999999999998);
#948=CIRCLE('',#2625,0.499999999999998);
#949=CIRCLE('',#2628,0.5);
#950=CIRCLE('',#2629,0.5);
#951=CIRCLE('',#2632,0.500000000000003);
#952=CIRCLE('',#2633,0.500000000000003);
#953=CIRCLE('',#2636,0.500000000000007);
#954=CIRCLE('',#2637,0.500000000000007);
#955=CIRCLE('',#2640,0.5);
#956=CIRCLE('',#2641,0.5);
#957=CIRCLE('',#2644,0.499999999999998);
#958=CIRCLE('',#2645,0.499999999999998);
#959=CIRCLE('',#2647,1.7);
#960=CIRCLE('',#2648,1.7);
#961=CIRCLE('',#2651,0.499999999999998);
#962=CIRCLE('',#2652,0.499999999999998);
#963=CIRCLE('',#2655,0.499999999999998);
#964=CIRCLE('',#2656,0.499999999999998);
#965=CIRCLE('',#2659,0.499999999999998);
#966=CIRCLE('',#2660,0.499999999999998);
#967=CIRCLE('',#2663,0.499999999999989);
#968=CIRCLE('',#2664,0.499999999999989);
#969=CIRCLE('',#2666,1.7);
#970=CIRCLE('',#2667,1.7);
#971=CIRCLE('',#2669,1.7);
#972=CIRCLE('',#2670,1.7);
#973=CIRCLE('',#2673,0.5);
#974=CIRCLE('',#2674,0.5);
#975=CIRCLE('',#2677,0.5);
#976=CIRCLE('',#2678,0.5);
#977=CIRCLE('',#2681,0.499999999999998);
#978=CIRCLE('',#2682,0.499999999999998);
#979=CIRCLE('',#2685,0.499999999999998);
#980=CIRCLE('',#2686,0.499999999999998);
#981=CIRCLE('',#2689,0.499999999999998);
#982=CIRCLE('',#2690,0.499999999999998);
#983=CIRCLE('',#2693,0.499999999999998);
#984=CIRCLE('',#2694,0.499999999999998);
#985=CIRCLE('',#2697,0.499999999999998);
#986=CIRCLE('',#2698,0.499999999999998);
#987=CIRCLE('',#2701,0.499999999999997);
#988=CIRCLE('',#2702,0.499999999999997);
#989=CIRCLE('',#2706,5.00000000000002);
#990=CIRCLE('',#2707,5.00000000000002);
#991=CIRCLE('',#2710,5.00000000000002);
#992=CIRCLE('',#2711,5.00000000000002);
#993=CIRCLE('',#2714,5.);
#994=CIRCLE('',#2715,5.);
#995=CIRCLE('',#2718,5.);
#996=CIRCLE('',#2719,5.);
#997=VERTEX_POINT('',#3445);
#998=VERTEX_POINT('',#3447);
#999=VERTEX_POINT('',#3451);
#1000=VERTEX_POINT('',#3452);
#1001=VERTEX_POINT('',#3454);
#1002=VERTEX_POINT('',#3456);
#1003=VERTEX_POINT('',#3460);
#1004=VERTEX_POINT('',#3462);
#1005=VERTEX_POINT('',#3466);
#1006=VERTEX_POINT('',#3468);
#1007=VERTEX_POINT('',#3475);
#1008=VERTEX_POINT('',#3476);
#1009=VERTEX_POINT('',#3478);
#1010=VERTEX_POINT('',#3480);
#1011=VERTEX_POINT('',#3484);
#1012=VERTEX_POINT('',#3486);
#1013=VERTEX_POINT('',#3490);
#1014=VERTEX_POINT('',#3492);
#1015=VERTEX_POINT('',#3498);
#1016=VERTEX_POINT('',#3500);
#1017=VERTEX_POINT('',#3502);
#1018=VERTEX_POINT('',#3504);
#1019=VERTEX_POINT('',#3508);
#1020=VERTEX_POINT('',#3509);
#1021=VERTEX_POINT('',#3511);
#1022=VERTEX_POINT('',#3513);
#1023=VERTEX_POINT('',#3517);
#1024=VERTEX_POINT('',#3519);
#1025=VERTEX_POINT('',#3523);
#1026=VERTEX_POINT('',#3525);
#1027=VERTEX_POINT('',#3529);
#1028=VERTEX_POINT('',#3531);
#1029=VERTEX_POINT('',#3535);
#1030=VERTEX_POINT('',#3537);
#1031=VERTEX_POINT('',#3541);
#1032=VERTEX_POINT('',#3543);
#1033=VERTEX_POINT('',#3547);
#1034=VERTEX_POINT('',#3549);
#1035=VERTEX_POINT('',#3556);
#1036=VERTEX_POINT('',#3557);
#1037=VERTEX_POINT('',#3559);
#1038=VERTEX_POINT('',#3561);
#1039=VERTEX_POINT('',#3565);
#1040=VERTEX_POINT('',#3567);
#1041=VERTEX_POINT('',#3571);
#1042=VERTEX_POINT('',#3573);
#1043=VERTEX_POINT('',#3577);
#1044=VERTEX_POINT('',#3579);
#1045=VERTEX_POINT('',#3583);
#1046=VERTEX_POINT('',#3585);
#1047=VERTEX_POINT('',#3589);
#1048=VERTEX_POINT('',#3591);
#1049=VERTEX_POINT('',#3595);
#1050=VERTEX_POINT('',#3597);
#1051=VERTEX_POINT('',#3604);
#1052=VERTEX_POINT('',#3605);
#1053=VERTEX_POINT('',#3607);
#1054=VERTEX_POINT('',#3609);
#1055=VERTEX_POINT('',#3613);
#1056=VERTEX_POINT('',#3615);
#1057=VERTEX_POINT('',#3619);
#1058=VERTEX_POINT('',#3621);
#1059=VERTEX_POINT('',#3625);
#1060=VERTEX_POINT('',#3627);
#1061=VERTEX_POINT('',#3631);
#1062=VERTEX_POINT('',#3633);
#1063=VERTEX_POINT('',#3637);
#1064=VERTEX_POINT('',#3639);
#1065=VERTEX_POINT('',#3643);
#1066=VERTEX_POINT('',#3645);
#1067=VERTEX_POINT('',#3652);
#1068=VERTEX_POINT('',#3653);
#1069=VERTEX_POINT('',#3655);
#1070=VERTEX_POINT('',#3657);
#1071=VERTEX_POINT('',#3661);
#1072=VERTEX_POINT('',#3663);
#1073=VERTEX_POINT('',#3667);
#1074=VERTEX_POINT('',#3669);
#1075=VERTEX_POINT('',#3673);
#1076=VERTEX_POINT('',#3675);
#1077=VERTEX_POINT('',#3679);
#1078=VERTEX_POINT('',#3681);
#1079=VERTEX_POINT('',#3685);
#1080=VERTEX_POINT('',#3687);
#1081=VERTEX_POINT('',#3691);
#1082=VERTEX_POINT('',#3693);
#1083=VERTEX_POINT('',#3700);
#1084=VERTEX_POINT('',#3702);
#1085=VERTEX_POINT('',#3706);
#1086=VERTEX_POINT('',#3707);
#1087=VERTEX_POINT('',#3709);
#1088=VERTEX_POINT('',#3711);
#1089=VERTEX_POINT('',#3715);
#1090=VERTEX_POINT('',#3717);
#1091=VERTEX_POINT('',#3721);
#1092=VERTEX_POINT('',#3723);
#1093=VERTEX_POINT('',#3727);
#1094=VERTEX_POINT('',#3729);
#1095=VERTEX_POINT('',#3733);
#1096=VERTEX_POINT('',#3735);
#1097=VERTEX_POINT('',#3739);
#1098=VERTEX_POINT('',#3741);
#1099=VERTEX_POINT('',#3745);
#1100=VERTEX_POINT('',#3747);
#1101=VERTEX_POINT('',#3754);
#1102=VERTEX_POINT('',#3755);
#1103=VERTEX_POINT('',#3757);
#1104=VERTEX_POINT('',#3759);
#1105=VERTEX_POINT('',#3763);
#1106=VERTEX_POINT('',#3765);
#1107=VERTEX_POINT('',#3769);
#1108=VERTEX_POINT('',#3771);
#1109=VERTEX_POINT('',#3775);
#1110=VERTEX_POINT('',#3777);
#1111=VERTEX_POINT('',#3781);
#1112=VERTEX_POINT('',#3783);
#1113=VERTEX_POINT('',#3787);
#1114=VERTEX_POINT('',#3789);
#1115=VERTEX_POINT('',#3793);
#1116=VERTEX_POINT('',#3795);
#1117=VERTEX_POINT('',#3802);
#1118=VERTEX_POINT('',#3803);
#1119=VERTEX_POINT('',#3805);
#1120=VERTEX_POINT('',#3807);
#1121=VERTEX_POINT('',#3811);
#1122=VERTEX_POINT('',#3813);
#1123=VERTEX_POINT('',#3817);
#1124=VERTEX_POINT('',#3819);
#1125=VERTEX_POINT('',#3823);
#1126=VERTEX_POINT('',#3825);
#1127=VERTEX_POINT('',#3829);
#1128=VERTEX_POINT('',#3831);
#1129=VERTEX_POINT('',#3835);
#1130=VERTEX_POINT('',#3837);
#1131=VERTEX_POINT('',#3841);
#1132=VERTEX_POINT('',#3843);
#1133=VERTEX_POINT('',#3850);
#1134=VERTEX_POINT('',#3851);
#1135=VERTEX_POINT('',#3853);
#1136=VERTEX_POINT('',#3855);
#1137=VERTEX_POINT('',#3859);
#1138=VERTEX_POINT('',#3861);
#1139=VERTEX_POINT('',#3865);
#1140=VERTEX_POINT('',#3867);
#1141=VERTEX_POINT('',#3871);
#1142=VERTEX_POINT('',#3873);
#1143=VERTEX_POINT('',#3877);
#1144=VERTEX_POINT('',#3879);
#1145=VERTEX_POINT('',#3883);
#1146=VERTEX_POINT('',#3885);
#1147=VERTEX_POINT('',#3889);
#1148=VERTEX_POINT('',#3891);
#1149=VERTEX_POINT('',#3898);
#1150=VERTEX_POINT('',#3899);
#1151=VERTEX_POINT('',#3901);
#1152=VERTEX_POINT('',#3903);
#1153=VERTEX_POINT('',#3907);
#1154=VERTEX_POINT('',#3909);
#1155=VERTEX_POINT('',#3913);
#1156=VERTEX_POINT('',#3915);
#1157=VERTEX_POINT('',#3919);
#1158=VERTEX_POINT('',#3921);
#1159=VERTEX_POINT('',#3925);
#1160=VERTEX_POINT('',#3927);
#1161=VERTEX_POINT('',#3931);
#1162=VERTEX_POINT('',#3933);
#1163=VERTEX_POINT('',#3937);
#1164=VERTEX_POINT('',#3939);
#1165=VERTEX_POINT('',#3946);
#1166=VERTEX_POINT('',#3948);
#1167=VERTEX_POINT('',#3952);
#1168=VERTEX_POINT('',#3953);
#1169=VERTEX_POINT('',#3955);
#1170=VERTEX_POINT('',#3957);
#1171=VERTEX_POINT('',#3961);
#1172=VERTEX_POINT('',#3963);
#1173=VERTEX_POINT('',#3967);
#1174=VERTEX_POINT('',#3969);
#1175=VERTEX_POINT('',#3973);
#1176=VERTEX_POINT('',#3975);
#1177=VERTEX_POINT('',#3979);
#1178=VERTEX_POINT('',#3981);
#1179=VERTEX_POINT('',#3985);
#1180=VERTEX_POINT('',#3987);
#1181=VERTEX_POINT('',#3991);
#1182=VERTEX_POINT('',#3993);
#1183=VERTEX_POINT('',#4000);
#1184=VERTEX_POINT('',#4002);
#1185=VERTEX_POINT('',#4006);
#1186=VERTEX_POINT('',#4008);
#1187=VERTEX_POINT('',#4012);
#1188=VERTEX_POINT('',#4013);
#1189=VERTEX_POINT('',#4015);
#1190=VERTEX_POINT('',#4017);
#1191=VERTEX_POINT('',#4021);
#1192=VERTEX_POINT('',#4023);
#1193=VERTEX_POINT('',#4027);
#1194=VERTEX_POINT('',#4029);
#1195=VERTEX_POINT('',#4033);
#1196=VERTEX_POINT('',#4035);
#1197=VERTEX_POINT('',#4039);
#1198=VERTEX_POINT('',#4041);
#1199=VERTEX_POINT('',#4045);
#1200=VERTEX_POINT('',#4047);
#1201=VERTEX_POINT('',#4051);
#1202=VERTEX_POINT('',#4053);
#1203=VERTEX_POINT('',#4060);
#1204=VERTEX_POINT('',#4061);
#1205=VERTEX_POINT('',#4063);
#1206=VERTEX_POINT('',#4065);
#1207=VERTEX_POINT('',#4069);
#1208=VERTEX_POINT('',#4071);
#1209=VERTEX_POINT('',#4075);
#1210=VERTEX_POINT('',#4077);
#1211=VERTEX_POINT('',#4081);
#1212=VERTEX_POINT('',#4083);
#1213=VERTEX_POINT('',#4087);
#1214=VERTEX_POINT('',#4089);
#1215=VERTEX_POINT('',#4093);
#1216=VERTEX_POINT('',#4095);
#1217=VERTEX_POINT('',#4099);
#1218=VERTEX_POINT('',#4101);
#1219=VERTEX_POINT('',#4108);
#1220=VERTEX_POINT('',#4110);
#1221=VERTEX_POINT('',#4114);
#1222=VERTEX_POINT('',#4116);
#1223=VERTEX_POINT('',#4120);
#1224=VERTEX_POINT('',#4122);
#1225=VERTEX_POINT('',#4126);
#1226=VERTEX_POINT('',#4128);
#1227=VERTEX_POINT('',#4132);
#1228=VERTEX_POINT('',#4134);
#1229=VERTEX_POINT('',#4138);
#1230=VERTEX_POINT('',#4140);
#1231=VERTEX_POINT('',#4144);
#1232=VERTEX_POINT('',#4146);
#1233=VERTEX_POINT('',#4150);
#1234=VERTEX_POINT('',#4152);
#1235=EDGE_CURVE('',#997,#997,#883,.T.);
#1236=EDGE_CURVE('',#997,#998,#397,.T.);
#1237=EDGE_CURVE('',#998,#998,#884,.T.);
#1238=EDGE_CURVE('',#999,#1000,#398,.T.);
#1239=EDGE_CURVE('',#999,#1001,#399,.T.);
#1240=EDGE_CURVE('',#1002,#1001,#400,.T.);
#1241=EDGE_CURVE('',#1000,#1002,#401,.T.);
#1242=EDGE_CURVE('',#1003,#999,#402,.T.);
#1243=EDGE_CURVE('',#1003,#1004,#403,.T.);
#1244=EDGE_CURVE('',#1001,#1004,#404,.T.);
#1245=EDGE_CURVE('',#1005,#1003,#405,.T.);
#1246=EDGE_CURVE('',#1005,#1006,#406,.T.);
#1247=EDGE_CURVE('',#1004,#1006,#407,.T.);
#1248=EDGE_CURVE('',#1000,#1005,#408,.T.);
#1249=EDGE_CURVE('',#1006,#1002,#409,.T.);
#1250=EDGE_CURVE('',#1007,#1008,#410,.T.);
#1251=EDGE_CURVE('',#1007,#1009,#411,.T.);
#1252=EDGE_CURVE('',#1009,#1010,#412,.T.);
#1253=EDGE_CURVE('',#1008,#1010,#413,.T.);
#1254=EDGE_CURVE('',#1011,#1007,#414,.T.);
#1255=EDGE_CURVE('',#1011,#1012,#415,.T.);
#1256=EDGE_CURVE('',#1012,#1009,#416,.T.);
#1257=EDGE_CURVE('',#1013,#1011,#417,.T.);
#1258=EDGE_CURVE('',#1014,#1013,#418,.T.);
#1259=EDGE_CURVE('',#1014,#1012,#419,.T.);
#1260=EDGE_CURVE('',#1010,#1014,#420,.T.);
#1261=EDGE_CURVE('',#1015,#1013,#421,.T.);
#1262=EDGE_CURVE('',#1015,#1016,#422,.T.);
#1263=EDGE_CURVE('',#1017,#1016,#423,.T.);
#1264=EDGE_CURVE('',#1018,#1017,#424,.T.);
#1265=EDGE_CURVE('',#1008,#1018,#425,.T.);
#1266=EDGE_CURVE('',#1019,#1020,#426,.T.);
#1267=EDGE_CURVE('',#1020,#1021,#427,.T.);
#1268=EDGE_CURVE('',#1022,#1021,#428,.T.);
#1269=EDGE_CURVE('',#1019,#1022,#429,.T.);
#1270=EDGE_CURVE('',#1023,#1019,#885,.T.);
#1271=EDGE_CURVE('',#1024,#1022,#886,.T.);
#1272=EDGE_CURVE('',#1023,#1024,#430,.T.);
#1273=EDGE_CURVE('',#1025,#1023,#431,.T.);
#1274=EDGE_CURVE('',#1026,#1024,#432,.T.);
#1275=EDGE_CURVE('',#1025,#1026,#433,.T.);
#1276=EDGE_CURVE('',#1027,#1025,#887,.T.);
#1277=EDGE_CURVE('',#1028,#1026,#888,.T.);
#1278=EDGE_CURVE('',#1027,#1028,#434,.T.);
#1279=EDGE_CURVE('',#1029,#1027,#435,.T.);
#1280=EDGE_CURVE('',#1030,#1028,#436,.T.);
#1281=EDGE_CURVE('',#1029,#1030,#437,.T.);
#1282=EDGE_CURVE('',#1031,#1029,#889,.T.);
#1283=EDGE_CURVE('',#1032,#1030,#890,.T.);
#1284=EDGE_CURVE('',#1031,#1032,#438,.T.);
#1285=EDGE_CURVE('',#1033,#1031,#439,.T.);
#1286=EDGE_CURVE('',#1034,#1032,#440,.T.);
#1287=EDGE_CURVE('',#1033,#1034,#441,.T.);
#1288=EDGE_CURVE('',#1020,#1033,#891,.T.);
#1289=EDGE_CURVE('',#1021,#1034,#892,.T.);
#1290=EDGE_CURVE('',#1035,#1036,#442,.T.);
#1291=EDGE_CURVE('',#1036,#1037,#443,.T.);
#1292=EDGE_CURVE('',#1038,#1037,#444,.T.);
#1293=EDGE_CURVE('',#1035,#1038,#445,.T.);
#1294=EDGE_CURVE('',#1039,#1035,#893,.T.);
#1295=EDGE_CURVE('',#1040,#1038,#894,.T.);
#1296=EDGE_CURVE('',#1039,#1040,#446,.T.);
#1297=EDGE_CURVE('',#1041,#1039,#447,.T.);
#1298=EDGE_CURVE('',#1042,#1040,#448,.T.);
#1299=EDGE_CURVE('',#1041,#1042,#449,.T.);
#1300=EDGE_CURVE('',#1043,#1041,#895,.T.);
#1301=EDGE_CURVE('',#1044,#1042,#896,.T.);
#1302=EDGE_CURVE('',#1043,#1044,#450,.T.);
#1303=EDGE_CURVE('',#1045,#1043,#451,.T.);
#1304=EDGE_CURVE('',#1046,#1044,#452,.T.);
#1305=EDGE_CURVE('',#1045,#1046,#453,.T.);
#1306=EDGE_CURVE('',#1047,#1045,#897,.T.);
#1307=EDGE_CURVE('',#1048,#1046,#898,.T.);
#1308=EDGE_CURVE('',#1047,#1048,#454,.T.);
#1309=EDGE_CURVE('',#1049,#1047,#455,.T.);
#1310=EDGE_CURVE('',#1050,#1048,#456,.T.);
#1311=EDGE_CURVE('',#1049,#1050,#457,.T.);
#1312=EDGE_CURVE('',#1036,#1049,#899,.T.);
#1313=EDGE_CURVE('',#1037,#1050,#900,.T.);
#1314=EDGE_CURVE('',#1051,#1052,#458,.T.);
#1315=EDGE_CURVE('',#1052,#1053,#459,.T.);
#1316=EDGE_CURVE('',#1054,#1053,#460,.T.);
#1317=EDGE_CURVE('',#1051,#1054,#461,.T.);
#1318=EDGE_CURVE('',#1055,#1051,#901,.T.);
#1319=EDGE_CURVE('',#1056,#1054,#902,.T.);
#1320=EDGE_CURVE('',#1055,#1056,#462,.T.);
#1321=EDGE_CURVE('',#1057,#1055,#463,.T.);
#1322=EDGE_CURVE('',#1058,#1056,#464,.T.);
#1323=EDGE_CURVE('',#1057,#1058,#465,.T.);
#1324=EDGE_CURVE('',#1059,#1057,#903,.T.);
#1325=EDGE_CURVE('',#1060,#1058,#904,.T.);
#1326=EDGE_CURVE('',#1059,#1060,#466,.T.);
#1327=EDGE_CURVE('',#1061,#1059,#467,.T.);
#1328=EDGE_CURVE('',#1062,#1060,#468,.T.);
#1329=EDGE_CURVE('',#1061,#1062,#469,.T.);
#1330=EDGE_CURVE('',#1063,#1061,#905,.T.);
#1331=EDGE_CURVE('',#1064,#1062,#906,.T.);
#1332=EDGE_CURVE('',#1063,#1064,#470,.T.);
#1333=EDGE_CURVE('',#1065,#1063,#471,.T.);
#1334=EDGE_CURVE('',#1066,#1064,#472,.T.);
#1335=EDGE_CURVE('',#1065,#1066,#473,.T.);
#1336=EDGE_CURVE('',#1052,#1065,#907,.T.);
#1337=EDGE_CURVE('',#1053,#1066,#908,.T.);
#1338=EDGE_CURVE('',#1067,#1068,#474,.T.);
#1339=EDGE_CURVE('',#1068,#1069,#475,.T.);
#1340=EDGE_CURVE('',#1070,#1069,#476,.T.);
#1341=EDGE_CURVE('',#1067,#1070,#477,.T.);
#1342=EDGE_CURVE('',#1071,#1067,#909,.T.);
#1343=EDGE_CURVE('',#1072,#1070,#910,.T.);
#1344=EDGE_CURVE('',#1071,#1072,#478,.T.);
#1345=EDGE_CURVE('',#1073,#1071,#479,.T.);
#1346=EDGE_CURVE('',#1074,#1072,#480,.T.);
#1347=EDGE_CURVE('',#1073,#1074,#481,.T.);
#1348=EDGE_CURVE('',#1075,#1073,#911,.T.);
#1349=EDGE_CURVE('',#1076,#1074,#912,.T.);
#1350=EDGE_CURVE('',#1075,#1076,#482,.T.);
#1351=EDGE_CURVE('',#1077,#1075,#483,.T.);
#1352=EDGE_CURVE('',#1078,#1076,#484,.T.);
#1353=EDGE_CURVE('',#1077,#1078,#485,.T.);
#1354=EDGE_CURVE('',#1079,#1077,#913,.T.);
#1355=EDGE_CURVE('',#1080,#1078,#914,.T.);
#1356=EDGE_CURVE('',#1079,#1080,#486,.T.);
#1357=EDGE_CURVE('',#1081,#1079,#487,.T.);
#1358=EDGE_CURVE('',#1082,#1080,#488,.T.);
#1359=EDGE_CURVE('',#1081,#1082,#489,.T.);
#1360=EDGE_CURVE('',#1068,#1081,#915,.T.);
#1361=EDGE_CURVE('',#1069,#1082,#916,.T.);
#1362=EDGE_CURVE('',#1083,#1083,#917,.T.);
#1363=EDGE_CURVE('',#1083,#1084,#490,.T.);
#1364=EDGE_CURVE('',#1084,#1084,#918,.T.);
#1365=EDGE_CURVE('',#1085,#1086,#491,.T.);
#1366=EDGE_CURVE('',#1086,#1087,#492,.T.);
#1367=EDGE_CURVE('',#1088,#1087,#493,.T.);
#1368=EDGE_CURVE('',#1085,#1088,#494,.T.);
#1369=EDGE_CURVE('',#1089,#1085,#919,.T.);
#1370=EDGE_CURVE('',#1090,#1088,#920,.T.);
#1371=EDGE_CURVE('',#1089,#1090,#495,.T.);
#1372=EDGE_CURVE('',#1091,#1089,#496,.T.);
#1373=EDGE_CURVE('',#1092,#1090,#497,.T.);
#1374=EDGE_CURVE('',#1091,#1092,#498,.T.);
#1375=EDGE_CURVE('',#1093,#1091,#921,.T.);
#1376=EDGE_CURVE('',#1094,#1092,#922,.T.);
#1377=EDGE_CURVE('',#1093,#1094,#499,.T.);
#1378=EDGE_CURVE('',#1095,#1093,#500,.T.);
#1379=EDGE_CURVE('',#1096,#1094,#501,.T.);
#1380=EDGE_CURVE('',#1095,#1096,#502,.T.);
#1381=EDGE_CURVE('',#1097,#1095,#923,.T.);
#1382=EDGE_CURVE('',#1098,#1096,#924,.T.);
#1383=EDGE_CURVE('',#1097,#1098,#503,.T.);
#1384=EDGE_CURVE('',#1099,#1097,#504,.T.);
#1385=EDGE_CURVE('',#1100,#1098,#505,.T.);
#1386=EDGE_CURVE('',#1099,#1100,#506,.T.);
#1387=EDGE_CURVE('',#1086,#1099,#925,.T.);
#1388=EDGE_CURVE('',#1087,#1100,#926,.T.);
#1389=EDGE_CURVE('',#1101,#1102,#507,.T.);
#1390=EDGE_CURVE('',#1102,#1103,#508,.T.);
#1391=EDGE_CURVE('',#1104,#1103,#509,.T.);
#1392=EDGE_CURVE('',#1101,#1104,#510,.T.);
#1393=EDGE_CURVE('',#1105,#1101,#927,.T.);
#1394=EDGE_CURVE('',#1106,#1104,#928,.T.);
#1395=EDGE_CURVE('',#1105,#1106,#511,.T.);
#1396=EDGE_CURVE('',#1107,#1105,#512,.T.);
#1397=EDGE_CURVE('',#1108,#1106,#513,.T.);
#1398=EDGE_CURVE('',#1107,#1108,#514,.T.);
#1399=EDGE_CURVE('',#1109,#1107,#929,.T.);
#1400=EDGE_CURVE('',#1110,#1108,#930,.T.);
#1401=EDGE_CURVE('',#1109,#1110,#515,.T.);
#1402=EDGE_CURVE('',#1111,#1109,#516,.T.);
#1403=EDGE_CURVE('',#1112,#1110,#517,.T.);
#1404=EDGE_CURVE('',#1111,#1112,#518,.T.);
#1405=EDGE_CURVE('',#1113,#1111,#931,.T.);
#1406=EDGE_CURVE('',#1114,#1112,#932,.T.);
#1407=EDGE_CURVE('',#1113,#1114,#519,.T.);
#1408=EDGE_CURVE('',#1115,#1113,#520,.T.);
#1409=EDGE_CURVE('',#1116,#1114,#521,.T.);
#1410=EDGE_CURVE('',#1115,#1116,#522,.T.);
#1411=EDGE_CURVE('',#1102,#1115,#933,.T.);
#1412=EDGE_CURVE('',#1103,#1116,#934,.T.);
#1413=EDGE_CURVE('',#1117,#1118,#523,.T.);
#1414=EDGE_CURVE('',#1118,#1119,#524,.T.);
#1415=EDGE_CURVE('',#1120,#1119,#525,.T.);
#1416=EDGE_CURVE('',#1117,#1120,#526,.T.);
#1417=EDGE_CURVE('',#1121,#1117,#935,.T.);
#1418=EDGE_CURVE('',#1122,#1120,#936,.T.);
#1419=EDGE_CURVE('',#1121,#1122,#527,.T.);
#1420=EDGE_CURVE('',#1123,#1121,#528,.T.);
#1421=EDGE_CURVE('',#1124,#1122,#529,.T.);
#1422=EDGE_CURVE('',#1123,#1124,#530,.T.);
#1423=EDGE_CURVE('',#1125,#1123,#937,.T.);
#1424=EDGE_CURVE('',#1126,#1124,#938,.T.);
#1425=EDGE_CURVE('',#1125,#1126,#531,.T.);
#1426=EDGE_CURVE('',#1127,#1125,#532,.T.);
#1427=EDGE_CURVE('',#1128,#1126,#533,.T.);
#1428=EDGE_CURVE('',#1127,#1128,#534,.T.);
#1429=EDGE_CURVE('',#1129,#1127,#939,.T.);
#1430=EDGE_CURVE('',#1130,#1128,#940,.T.);
#1431=EDGE_CURVE('',#1129,#1130,#535,.T.);
#1432=EDGE_CURVE('',#1131,#1129,#536,.T.);
#1433=EDGE_CURVE('',#1132,#1130,#537,.T.);
#1434=EDGE_CURVE('',#1131,#1132,#538,.T.);
#1435=EDGE_CURVE('',#1118,#1131,#941,.T.);
#1436=EDGE_CURVE('',#1119,#1132,#942,.T.);
#1437=EDGE_CURVE('',#1133,#1134,#539,.T.);
#1438=EDGE_CURVE('',#1134,#1135,#540,.T.);
#1439=EDGE_CURVE('',#1136,#1135,#541,.T.);
#1440=EDGE_CURVE('',#1133,#1136,#542,.T.);
#1441=EDGE_CURVE('',#1137,#1133,#943,.T.);
#1442=EDGE_CURVE('',#1138,#1136,#944,.T.);
#1443=EDGE_CURVE('',#1137,#1138,#543,.T.);
#1444=EDGE_CURVE('',#1139,#1137,#544,.T.);
#1445=EDGE_CURVE('',#1140,#1138,#545,.T.);
#1446=EDGE_CURVE('',#1139,#1140,#546,.T.);
#1447=EDGE_CURVE('',#1141,#1139,#945,.T.);
#1448=EDGE_CURVE('',#1142,#1140,#946,.T.);
#1449=EDGE_CURVE('',#1141,#1142,#547,.T.);
#1450=EDGE_CURVE('',#1143,#1141,#548,.T.);
#1451=EDGE_CURVE('',#1144,#1142,#549,.T.);
#1452=EDGE_CURVE('',#1143,#1144,#550,.T.);
#1453=EDGE_CURVE('',#1145,#1143,#947,.T.);
#1454=EDGE_CURVE('',#1146,#1144,#948,.T.);
#1455=EDGE_CURVE('',#1145,#1146,#551,.T.);
#1456=EDGE_CURVE('',#1147,#1145,#552,.T.);
#1457=EDGE_CURVE('',#1148,#1146,#553,.T.);
#1458=EDGE_CURVE('',#1147,#1148,#554,.T.);
#1459=EDGE_CURVE('',#1134,#1147,#949,.T.);
#1460=EDGE_CURVE('',#1135,#1148,#950,.T.);
#1461=EDGE_CURVE('',#1149,#1150,#555,.T.);
#1462=EDGE_CURVE('',#1150,#1151,#556,.T.);
#1463=EDGE_CURVE('',#1152,#1151,#557,.T.);
#1464=EDGE_CURVE('',#1149,#1152,#558,.T.);
#1465=EDGE_CURVE('',#1153,#1149,#951,.T.);
#1466=EDGE_CURVE('',#1154,#1152,#952,.T.);
#1467=EDGE_CURVE('',#1153,#1154,#559,.T.);
#1468=EDGE_CURVE('',#1155,#1153,#560,.T.);
#1469=EDGE_CURVE('',#1156,#1154,#561,.T.);
#1470=EDGE_CURVE('',#1155,#1156,#562,.T.);
#1471=EDGE_CURVE('',#1157,#1155,#953,.T.);
#1472=EDGE_CURVE('',#1158,#1156,#954,.T.);
#1473=EDGE_CURVE('',#1157,#1158,#563,.T.);
#1474=EDGE_CURVE('',#1159,#1157,#564,.T.);
#1475=EDGE_CURVE('',#1160,#1158,#565,.T.);
#1476=EDGE_CURVE('',#1159,#1160,#566,.T.);
#1477=EDGE_CURVE('',#1161,#1159,#955,.T.);
#1478=EDGE_CURVE('',#1162,#1160,#956,.T.);
#1479=EDGE_CURVE('',#1161,#1162,#567,.T.);
#1480=EDGE_CURVE('',#1163,#1161,#568,.T.);
#1481=EDGE_CURVE('',#1164,#1162,#569,.T.);
#1482=EDGE_CURVE('',#1163,#1164,#570,.T.);
#1483=EDGE_CURVE('',#1150,#1163,#957,.T.);
#1484=EDGE_CURVE('',#1151,#1164,#958,.T.);
#1485=EDGE_CURVE('',#1165,#1165,#959,.T.);
#1486=EDGE_CURVE('',#1165,#1166,#571,.T.);
#1487=EDGE_CURVE('',#1166,#1166,#960,.T.);
#1488=EDGE_CURVE('',#1167,#1168,#572,.T.);
#1489=EDGE_CURVE('',#1168,#1169,#573,.T.);
#1490=EDGE_CURVE('',#1170,#1169,#574,.T.);
#1491=EDGE_CURVE('',#1167,#1170,#575,.T.);
#1492=EDGE_CURVE('',#1171,#1167,#961,.T.);
#1493=EDGE_CURVE('',#1172,#1170,#962,.T.);
#1494=EDGE_CURVE('',#1171,#1172,#576,.T.);
#1495=EDGE_CURVE('',#1173,#1171,#577,.T.);
#1496=EDGE_CURVE('',#1174,#1172,#578,.T.);
#1497=EDGE_CURVE('',#1173,#1174,#579,.T.);
#1498=EDGE_CURVE('',#1175,#1173,#963,.T.);
#1499=EDGE_CURVE('',#1176,#1174,#964,.T.);
#1500=EDGE_CURVE('',#1175,#1176,#580,.T.);
#1501=EDGE_CURVE('',#1177,#1175,#581,.T.);
#1502=EDGE_CURVE('',#1178,#1176,#582,.T.);
#1503=EDGE_CURVE('',#1177,#1178,#583,.T.);
#1504=EDGE_CURVE('',#1179,#1177,#965,.T.);
#1505=EDGE_CURVE('',#1180,#1178,#966,.T.);
#1506=EDGE_CURVE('',#1179,#1180,#584,.T.);
#1507=EDGE_CURVE('',#1181,#1179,#585,.T.);
#1508=EDGE_CURVE('',#1182,#1180,#586,.T.);
#1509=EDGE_CURVE('',#1181,#1182,#587,.T.);
#1510=EDGE_CURVE('',#1168,#1181,#967,.T.);
#1511=EDGE_CURVE('',#1169,#1182,#968,.T.);
#1512=EDGE_CURVE('',#1183,#1183,#969,.T.);
#1513=EDGE_CURVE('',#1183,#1184,#588,.T.);
#1514=EDGE_CURVE('',#1184,#1184,#970,.T.);
#1515=EDGE_CURVE('',#1185,#1185,#971,.T.);
#1516=EDGE_CURVE('',#1185,#1186,#589,.T.);
#1517=EDGE_CURVE('',#1186,#1186,#972,.T.);
#1518=EDGE_CURVE('',#1187,#1188,#590,.T.);
#1519=EDGE_CURVE('',#1188,#1189,#591,.T.);
#1520=EDGE_CURVE('',#1190,#1189,#592,.T.);
#1521=EDGE_CURVE('',#1187,#1190,#593,.T.);
#1522=EDGE_CURVE('',#1191,#1187,#973,.T.);
#1523=EDGE_CURVE('',#1192,#1190,#974,.T.);
#1524=EDGE_CURVE('',#1191,#1192,#594,.T.);
#1525=EDGE_CURVE('',#1193,#1191,#595,.T.);
#1526=EDGE_CURVE('',#1194,#1192,#596,.T.);
#1527=EDGE_CURVE('',#1193,#1194,#597,.T.);
#1528=EDGE_CURVE('',#1195,#1193,#975,.T.);
#1529=EDGE_CURVE('',#1196,#1194,#976,.T.);
#1530=EDGE_CURVE('',#1195,#1196,#598,.T.);
#1531=EDGE_CURVE('',#1197,#1195,#599,.T.);
#1532=EDGE_CURVE('',#1198,#1196,#600,.T.);
#1533=EDGE_CURVE('',#1197,#1198,#601,.T.);
#1534=EDGE_CURVE('',#1199,#1197,#977,.T.);
#1535=EDGE_CURVE('',#1200,#1198,#978,.T.);
#1536=EDGE_CURVE('',#1199,#1200,#602,.T.);
#1537=EDGE_CURVE('',#1201,#1199,#603,.T.);
#1538=EDGE_CURVE('',#1202,#1200,#604,.T.);
#1539=EDGE_CURVE('',#1201,#1202,#605,.T.);
#1540=EDGE_CURVE('',#1188,#1201,#979,.T.);
#1541=EDGE_CURVE('',#1189,#1202,#980,.T.);
#1542=EDGE_CURVE('',#1203,#1204,#606,.T.);
#1543=EDGE_CURVE('',#1204,#1205,#607,.T.);
#1544=EDGE_CURVE('',#1206,#1205,#608,.T.);
#1545=EDGE_CURVE('',#1203,#1206,#609,.T.);
#1546=EDGE_CURVE('',#1207,#1203,#981,.T.);
#1547=EDGE_CURVE('',#1208,#1206,#982,.T.);
#1548=EDGE_CURVE('',#1207,#1208,#610,.T.);
#1549=EDGE_CURVE('',#1209,#1207,#611,.T.);
#1550=EDGE_CURVE('',#1210,#1208,#612,.T.);
#1551=EDGE_CURVE('',#1209,#1210,#613,.T.);
#1552=EDGE_CURVE('',#1211,#1209,#983,.T.);
#1553=EDGE_CURVE('',#1212,#1210,#984,.T.);
#1554=EDGE_CURVE('',#1211,#1212,#614,.T.);
#1555=EDGE_CURVE('',#1213,#1211,#615,.T.);
#1556=EDGE_CURVE('',#1214,#1212,#616,.T.);
#1557=EDGE_CURVE('',#1213,#1214,#617,.T.);
#1558=EDGE_CURVE('',#1215,#1213,#985,.T.);
#1559=EDGE_CURVE('',#1216,#1214,#986,.T.);
#1560=EDGE_CURVE('',#1215,#1216,#618,.T.);
#1561=EDGE_CURVE('',#1217,#1215,#619,.T.);
#1562=EDGE_CURVE('',#1218,#1216,#620,.T.);
#1563=EDGE_CURVE('',#1217,#1218,#621,.T.);
#1564=EDGE_CURVE('',#1204,#1217,#987,.T.);
#1565=EDGE_CURVE('',#1205,#1218,#988,.T.);
#1566=EDGE_CURVE('',#1015,#1219,#622,.T.);
#1567=EDGE_CURVE('',#1219,#1220,#623,.T.);
#1568=EDGE_CURVE('',#1016,#1220,#624,.T.);
#1569=EDGE_CURVE('',#1221,#1018,#625,.T.);
#1570=EDGE_CURVE('',#1222,#1017,#626,.T.);
#1571=EDGE_CURVE('',#1221,#1222,#627,.T.);
#1572=EDGE_CURVE('',#1223,#1221,#989,.T.);
#1573=EDGE_CURVE('',#1224,#1222,#990,.T.);
#1574=EDGE_CURVE('',#1223,#1224,#628,.T.);
#1575=EDGE_CURVE('',#1225,#1223,#629,.T.);
#1576=EDGE_CURVE('',#1226,#1224,#630,.T.);
#1577=EDGE_CURVE('',#1225,#1226,#631,.T.);
#1578=EDGE_CURVE('',#1227,#1225,#991,.T.);
#1579=EDGE_CURVE('',#1228,#1226,#992,.T.);
#1580=EDGE_CURVE('',#1227,#1228,#632,.T.);
#1581=EDGE_CURVE('',#1229,#1227,#633,.T.);
#1582=EDGE_CURVE('',#1230,#1228,#634,.T.);
#1583=EDGE_CURVE('',#1229,#1230,#635,.T.);
#1584=EDGE_CURVE('',#1231,#1229,#993,.T.);
#1585=EDGE_CURVE('',#1232,#1230,#994,.T.);
#1586=EDGE_CURVE('',#1231,#1232,#636,.T.);
#1587=EDGE_CURVE('',#1233,#1231,#637,.T.);
#1588=EDGE_CURVE('',#1234,#1232,#638,.T.);
#1589=EDGE_CURVE('',#1233,#1234,#639,.T.);
#1590=EDGE_CURVE('',#1219,#1233,#995,.T.);
#1591=EDGE_CURVE('',#1220,#1234,#996,.T.);
#1592=ORIENTED_EDGE('',*,*,#1235,.F.);
#1593=ORIENTED_EDGE('',*,*,#1236,.T.);
#1594=ORIENTED_EDGE('',*,*,#1237,.F.);
#1595=ORIENTED_EDGE('',*,*,#1236,.F.);
#1596=ORIENTED_EDGE('',*,*,#1238,.F.);
#1597=ORIENTED_EDGE('',*,*,#1239,.T.);
#1598=ORIENTED_EDGE('',*,*,#1240,.F.);
#1599=ORIENTED_EDGE('',*,*,#1241,.F.);
#1600=ORIENTED_EDGE('',*,*,#1242,.F.);
#1601=ORIENTED_EDGE('',*,*,#1243,.T.);
#1602=ORIENTED_EDGE('',*,*,#1244,.F.);
#1603=ORIENTED_EDGE('',*,*,#1239,.F.);
#1604=ORIENTED_EDGE('',*,*,#1245,.F.);
#1605=ORIENTED_EDGE('',*,*,#1246,.T.);
#1606=ORIENTED_EDGE('',*,*,#1247,.F.);
#1607=ORIENTED_EDGE('',*,*,#1243,.F.);
#1608=ORIENTED_EDGE('',*,*,#1248,.F.);
#1609=ORIENTED_EDGE('',*,*,#1241,.T.);
#1610=ORIENTED_EDGE('',*,*,#1249,.F.);
#1611=ORIENTED_EDGE('',*,*,#1246,.F.);
#1612=ORIENTED_EDGE('',*,*,#1250,.F.);
#1613=ORIENTED_EDGE('',*,*,#1251,.T.);
#1614=ORIENTED_EDGE('',*,*,#1252,.T.);
#1615=ORIENTED_EDGE('',*,*,#1253,.F.);
#1616=ORIENTED_EDGE('',*,*,#1254,.F.);
#1617=ORIENTED_EDGE('',*,*,#1255,.T.);
#1618=ORIENTED_EDGE('',*,*,#1256,.T.);
#1619=ORIENTED_EDGE('',*,*,#1251,.F.);
#1620=ORIENTED_EDGE('',*,*,#1257,.F.);
#1621=ORIENTED_EDGE('',*,*,#1258,.F.);
#1622=ORIENTED_EDGE('',*,*,#1259,.T.);
#1623=ORIENTED_EDGE('',*,*,#1255,.F.);
#1624=ORIENTED_EDGE('',*,*,#1260,.F.);
#1625=ORIENTED_EDGE('',*,*,#1252,.F.);
#1626=ORIENTED_EDGE('',*,*,#1256,.F.);
#1627=ORIENTED_EDGE('',*,*,#1259,.F.);
#1628=ORIENTED_EDGE('',*,*,#1253,.T.);
#1629=ORIENTED_EDGE('',*,*,#1260,.T.);
#1630=ORIENTED_EDGE('',*,*,#1258,.T.);
#1631=ORIENTED_EDGE('',*,*,#1261,.F.);
#1632=ORIENTED_EDGE('',*,*,#1262,.T.);
#1633=ORIENTED_EDGE('',*,*,#1263,.F.);
#1634=ORIENTED_EDGE('',*,*,#1264,.F.);
#1635=ORIENTED_EDGE('',*,*,#1265,.F.);
#1636=ORIENTED_EDGE('',*,*,#1266,.T.);
#1637=ORIENTED_EDGE('',*,*,#1267,.T.);
#1638=ORIENTED_EDGE('',*,*,#1268,.F.);
#1639=ORIENTED_EDGE('',*,*,#1269,.F.);
#1640=ORIENTED_EDGE('',*,*,#1270,.T.);
#1641=ORIENTED_EDGE('',*,*,#1269,.T.);
#1642=ORIENTED_EDGE('',*,*,#1271,.F.);
#1643=ORIENTED_EDGE('',*,*,#1272,.F.);
#1644=ORIENTED_EDGE('',*,*,#1273,.T.);
#1645=ORIENTED_EDGE('',*,*,#1272,.T.);
#1646=ORIENTED_EDGE('',*,*,#1274,.F.);
#1647=ORIENTED_EDGE('',*,*,#1275,.F.);
#1648=ORIENTED_EDGE('',*,*,#1276,.T.);
#1649=ORIENTED_EDGE('',*,*,#1275,.T.);
#1650=ORIENTED_EDGE('',*,*,#1277,.F.);
#1651=ORIENTED_EDGE('',*,*,#1278,.F.);
#1652=ORIENTED_EDGE('',*,*,#1279,.T.);
#1653=ORIENTED_EDGE('',*,*,#1278,.T.);
#1654=ORIENTED_EDGE('',*,*,#1280,.F.);
#1655=ORIENTED_EDGE('',*,*,#1281,.F.);
#1656=ORIENTED_EDGE('',*,*,#1282,.T.);
#1657=ORIENTED_EDGE('',*,*,#1281,.T.);
#1658=ORIENTED_EDGE('',*,*,#1283,.F.);
#1659=ORIENTED_EDGE('',*,*,#1284,.F.);
#1660=ORIENTED_EDGE('',*,*,#1285,.T.);
#1661=ORIENTED_EDGE('',*,*,#1284,.T.);
#1662=ORIENTED_EDGE('',*,*,#1286,.F.);
#1663=ORIENTED_EDGE('',*,*,#1287,.F.);
#1664=ORIENTED_EDGE('',*,*,#1288,.T.);
#1665=ORIENTED_EDGE('',*,*,#1287,.T.);
#1666=ORIENTED_EDGE('',*,*,#1289,.F.);
#1667=ORIENTED_EDGE('',*,*,#1267,.F.);
#1668=ORIENTED_EDGE('',*,*,#1290,.T.);
#1669=ORIENTED_EDGE('',*,*,#1291,.T.);
#1670=ORIENTED_EDGE('',*,*,#1292,.F.);
#1671=ORIENTED_EDGE('',*,*,#1293,.F.);
#1672=ORIENTED_EDGE('',*,*,#1294,.T.);
#1673=ORIENTED_EDGE('',*,*,#1293,.T.);
#1674=ORIENTED_EDGE('',*,*,#1295,.F.);
#1675=ORIENTED_EDGE('',*,*,#1296,.F.);
#1676=ORIENTED_EDGE('',*,*,#1297,.T.);
#1677=ORIENTED_EDGE('',*,*,#1296,.T.);
#1678=ORIENTED_EDGE('',*,*,#1298,.F.);
#1679=ORIENTED_EDGE('',*,*,#1299,.F.);
#1680=ORIENTED_EDGE('',*,*,#1300,.T.);
#1681=ORIENTED_EDGE('',*,*,#1299,.T.);
#1682=ORIENTED_EDGE('',*,*,#1301,.F.);
#1683=ORIENTED_EDGE('',*,*,#1302,.F.);
#1684=ORIENTED_EDGE('',*,*,#1303,.T.);
#1685=ORIENTED_EDGE('',*,*,#1302,.T.);
#1686=ORIENTED_EDGE('',*,*,#1304,.F.);
#1687=ORIENTED_EDGE('',*,*,#1305,.F.);
#1688=ORIENTED_EDGE('',*,*,#1306,.T.);
#1689=ORIENTED_EDGE('',*,*,#1305,.T.);
#1690=ORIENTED_EDGE('',*,*,#1307,.F.);
#1691=ORIENTED_EDGE('',*,*,#1308,.F.);
#1692=ORIENTED_EDGE('',*,*,#1309,.T.);
#1693=ORIENTED_EDGE('',*,*,#1308,.T.);
#1694=ORIENTED_EDGE('',*,*,#1310,.F.);
#1695=ORIENTED_EDGE('',*,*,#1311,.F.);
#1696=ORIENTED_EDGE('',*,*,#1312,.T.);
#1697=ORIENTED_EDGE('',*,*,#1311,.T.);
#1698=ORIENTED_EDGE('',*,*,#1313,.F.);
#1699=ORIENTED_EDGE('',*,*,#1291,.F.);
#1700=ORIENTED_EDGE('',*,*,#1314,.T.);
#1701=ORIENTED_EDGE('',*,*,#1315,.T.);
#1702=ORIENTED_EDGE('',*,*,#1316,.F.);
#1703=ORIENTED_EDGE('',*,*,#1317,.F.);
#1704=ORIENTED_EDGE('',*,*,#1318,.T.);
#1705=ORIENTED_EDGE('',*,*,#1317,.T.);
#1706=ORIENTED_EDGE('',*,*,#1319,.F.);
#1707=ORIENTED_EDGE('',*,*,#1320,.F.);
#1708=ORIENTED_EDGE('',*,*,#1321,.T.);
#1709=ORIENTED_EDGE('',*,*,#1320,.T.);
#1710=ORIENTED_EDGE('',*,*,#1322,.F.);
#1711=ORIENTED_EDGE('',*,*,#1323,.F.);
#1712=ORIENTED_EDGE('',*,*,#1324,.T.);
#1713=ORIENTED_EDGE('',*,*,#1323,.T.);
#1714=ORIENTED_EDGE('',*,*,#1325,.F.);
#1715=ORIENTED_EDGE('',*,*,#1326,.F.);
#1716=ORIENTED_EDGE('',*,*,#1327,.T.);
#1717=ORIENTED_EDGE('',*,*,#1326,.T.);
#1718=ORIENTED_EDGE('',*,*,#1328,.F.);
#1719=ORIENTED_EDGE('',*,*,#1329,.F.);
#1720=ORIENTED_EDGE('',*,*,#1330,.T.);
#1721=ORIENTED_EDGE('',*,*,#1329,.T.);
#1722=ORIENTED_EDGE('',*,*,#1331,.F.);
#1723=ORIENTED_EDGE('',*,*,#1332,.F.);
#1724=ORIENTED_EDGE('',*,*,#1333,.T.);
#1725=ORIENTED_EDGE('',*,*,#1332,.T.);
#1726=ORIENTED_EDGE('',*,*,#1334,.F.);
#1727=ORIENTED_EDGE('',*,*,#1335,.F.);
#1728=ORIENTED_EDGE('',*,*,#1336,.T.);
#1729=ORIENTED_EDGE('',*,*,#1335,.T.);
#1730=ORIENTED_EDGE('',*,*,#1337,.F.);
#1731=ORIENTED_EDGE('',*,*,#1315,.F.);
#1732=ORIENTED_EDGE('',*,*,#1338,.T.);
#1733=ORIENTED_EDGE('',*,*,#1339,.T.);
#1734=ORIENTED_EDGE('',*,*,#1340,.F.);
#1735=ORIENTED_EDGE('',*,*,#1341,.F.);
#1736=ORIENTED_EDGE('',*,*,#1342,.T.);
#1737=ORIENTED_EDGE('',*,*,#1341,.T.);
#1738=ORIENTED_EDGE('',*,*,#1343,.F.);
#1739=ORIENTED_EDGE('',*,*,#1344,.F.);
#1740=ORIENTED_EDGE('',*,*,#1345,.T.);
#1741=ORIENTED_EDGE('',*,*,#1344,.T.);
#1742=ORIENTED_EDGE('',*,*,#1346,.F.);
#1743=ORIENTED_EDGE('',*,*,#1347,.F.);
#1744=ORIENTED_EDGE('',*,*,#1348,.T.);
#1745=ORIENTED_EDGE('',*,*,#1347,.T.);
#1746=ORIENTED_EDGE('',*,*,#1349,.F.);
#1747=ORIENTED_EDGE('',*,*,#1350,.F.);
#1748=ORIENTED_EDGE('',*,*,#1351,.T.);
#1749=ORIENTED_EDGE('',*,*,#1350,.T.);
#1750=ORIENTED_EDGE('',*,*,#1352,.F.);
#1751=ORIENTED_EDGE('',*,*,#1353,.F.);
#1752=ORIENTED_EDGE('',*,*,#1354,.T.);
#1753=ORIENTED_EDGE('',*,*,#1353,.T.);
#1754=ORIENTED_EDGE('',*,*,#1355,.F.);
#1755=ORIENTED_EDGE('',*,*,#1356,.F.);
#1756=ORIENTED_EDGE('',*,*,#1357,.T.);
#1757=ORIENTED_EDGE('',*,*,#1356,.T.);
#1758=ORIENTED_EDGE('',*,*,#1358,.F.);
#1759=ORIENTED_EDGE('',*,*,#1359,.F.);
#1760=ORIENTED_EDGE('',*,*,#1360,.T.);
#1761=ORIENTED_EDGE('',*,*,#1359,.T.);
#1762=ORIENTED_EDGE('',*,*,#1361,.F.);
#1763=ORIENTED_EDGE('',*,*,#1339,.F.);
#1764=ORIENTED_EDGE('',*,*,#1362,.F.);
#1765=ORIENTED_EDGE('',*,*,#1363,.T.);
#1766=ORIENTED_EDGE('',*,*,#1364,.T.);
#1767=ORIENTED_EDGE('',*,*,#1363,.F.);
#1768=ORIENTED_EDGE('',*,*,#1365,.T.);
#1769=ORIENTED_EDGE('',*,*,#1366,.T.);
#1770=ORIENTED_EDGE('',*,*,#1367,.F.);
#1771=ORIENTED_EDGE('',*,*,#1368,.F.);
#1772=ORIENTED_EDGE('',*,*,#1369,.T.);
#1773=ORIENTED_EDGE('',*,*,#1368,.T.);
#1774=ORIENTED_EDGE('',*,*,#1370,.F.);
#1775=ORIENTED_EDGE('',*,*,#1371,.F.);
#1776=ORIENTED_EDGE('',*,*,#1372,.T.);
#1777=ORIENTED_EDGE('',*,*,#1371,.T.);
#1778=ORIENTED_EDGE('',*,*,#1373,.F.);
#1779=ORIENTED_EDGE('',*,*,#1374,.F.);
#1780=ORIENTED_EDGE('',*,*,#1375,.T.);
#1781=ORIENTED_EDGE('',*,*,#1374,.T.);
#1782=ORIENTED_EDGE('',*,*,#1376,.F.);
#1783=ORIENTED_EDGE('',*,*,#1377,.F.);
#1784=ORIENTED_EDGE('',*,*,#1378,.T.);
#1785=ORIENTED_EDGE('',*,*,#1377,.T.);
#1786=ORIENTED_EDGE('',*,*,#1379,.F.);
#1787=ORIENTED_EDGE('',*,*,#1380,.F.);
#1788=ORIENTED_EDGE('',*,*,#1381,.T.);
#1789=ORIENTED_EDGE('',*,*,#1380,.T.);
#1790=ORIENTED_EDGE('',*,*,#1382,.F.);
#1791=ORIENTED_EDGE('',*,*,#1383,.F.);
#1792=ORIENTED_EDGE('',*,*,#1384,.T.);
#1793=ORIENTED_EDGE('',*,*,#1383,.T.);
#1794=ORIENTED_EDGE('',*,*,#1385,.F.);
#1795=ORIENTED_EDGE('',*,*,#1386,.F.);
#1796=ORIENTED_EDGE('',*,*,#1387,.T.);
#1797=ORIENTED_EDGE('',*,*,#1386,.T.);
#1798=ORIENTED_EDGE('',*,*,#1388,.F.);
#1799=ORIENTED_EDGE('',*,*,#1366,.F.);
#1800=ORIENTED_EDGE('',*,*,#1389,.T.);
#1801=ORIENTED_EDGE('',*,*,#1390,.T.);
#1802=ORIENTED_EDGE('',*,*,#1391,.F.);
#1803=ORIENTED_EDGE('',*,*,#1392,.F.);
#1804=ORIENTED_EDGE('',*,*,#1393,.T.);
#1805=ORIENTED_EDGE('',*,*,#1392,.T.);
#1806=ORIENTED_EDGE('',*,*,#1394,.F.);
#1807=ORIENTED_EDGE('',*,*,#1395,.F.);
#1808=ORIENTED_EDGE('',*,*,#1396,.T.);
#1809=ORIENTED_EDGE('',*,*,#1395,.T.);
#1810=ORIENTED_EDGE('',*,*,#1397,.F.);
#1811=ORIENTED_EDGE('',*,*,#1398,.F.);
#1812=ORIENTED_EDGE('',*,*,#1399,.T.);
#1813=ORIENTED_EDGE('',*,*,#1398,.T.);
#1814=ORIENTED_EDGE('',*,*,#1400,.F.);
#1815=ORIENTED_EDGE('',*,*,#1401,.F.);
#1816=ORIENTED_EDGE('',*,*,#1402,.T.);
#1817=ORIENTED_EDGE('',*,*,#1401,.T.);
#1818=ORIENTED_EDGE('',*,*,#1403,.F.);
#1819=ORIENTED_EDGE('',*,*,#1404,.F.);
#1820=ORIENTED_EDGE('',*,*,#1405,.T.);
#1821=ORIENTED_EDGE('',*,*,#1404,.T.);
#1822=ORIENTED_EDGE('',*,*,#1406,.F.);
#1823=ORIENTED_EDGE('',*,*,#1407,.F.);
#1824=ORIENTED_EDGE('',*,*,#1408,.T.);
#1825=ORIENTED_EDGE('',*,*,#1407,.T.);
#1826=ORIENTED_EDGE('',*,*,#1409,.F.);
#1827=ORIENTED_EDGE('',*,*,#1410,.F.);
#1828=ORIENTED_EDGE('',*,*,#1411,.T.);
#1829=ORIENTED_EDGE('',*,*,#1410,.T.);
#1830=ORIENTED_EDGE('',*,*,#1412,.F.);
#1831=ORIENTED_EDGE('',*,*,#1390,.F.);
#1832=ORIENTED_EDGE('',*,*,#1413,.T.);
#1833=ORIENTED_EDGE('',*,*,#1414,.T.);
#1834=ORIENTED_EDGE('',*,*,#1415,.F.);
#1835=ORIENTED_EDGE('',*,*,#1416,.F.);
#1836=ORIENTED_EDGE('',*,*,#1417,.T.);
#1837=ORIENTED_EDGE('',*,*,#1416,.T.);
#1838=ORIENTED_EDGE('',*,*,#1418,.F.);
#1839=ORIENTED_EDGE('',*,*,#1419,.F.);
#1840=ORIENTED_EDGE('',*,*,#1420,.T.);
#1841=ORIENTED_EDGE('',*,*,#1419,.T.);
#1842=ORIENTED_EDGE('',*,*,#1421,.F.);
#1843=ORIENTED_EDGE('',*,*,#1422,.F.);
#1844=ORIENTED_EDGE('',*,*,#1423,.T.);
#1845=ORIENTED_EDGE('',*,*,#1422,.T.);
#1846=ORIENTED_EDGE('',*,*,#1424,.F.);
#1847=ORIENTED_EDGE('',*,*,#1425,.F.);
#1848=ORIENTED_EDGE('',*,*,#1426,.T.);
#1849=ORIENTED_EDGE('',*,*,#1425,.T.);
#1850=ORIENTED_EDGE('',*,*,#1427,.F.);
#1851=ORIENTED_EDGE('',*,*,#1428,.F.);
#1852=ORIENTED_EDGE('',*,*,#1429,.T.);
#1853=ORIENTED_EDGE('',*,*,#1428,.T.);
#1854=ORIENTED_EDGE('',*,*,#1430,.F.);
#1855=ORIENTED_EDGE('',*,*,#1431,.F.);
#1856=ORIENTED_EDGE('',*,*,#1432,.T.);
#1857=ORIENTED_EDGE('',*,*,#1431,.T.);
#1858=ORIENTED_EDGE('',*,*,#1433,.F.);
#1859=ORIENTED_EDGE('',*,*,#1434,.F.);
#1860=ORIENTED_EDGE('',*,*,#1435,.T.);
#1861=ORIENTED_EDGE('',*,*,#1434,.T.);
#1862=ORIENTED_EDGE('',*,*,#1436,.F.);
#1863=ORIENTED_EDGE('',*,*,#1414,.F.);
#1864=ORIENTED_EDGE('',*,*,#1437,.T.);
#1865=ORIENTED_EDGE('',*,*,#1438,.T.);
#1866=ORIENTED_EDGE('',*,*,#1439,.F.);
#1867=ORIENTED_EDGE('',*,*,#1440,.F.);
#1868=ORIENTED_EDGE('',*,*,#1441,.T.);
#1869=ORIENTED_EDGE('',*,*,#1440,.T.);
#1870=ORIENTED_EDGE('',*,*,#1442,.F.);
#1871=ORIENTED_EDGE('',*,*,#1443,.F.);
#1872=ORIENTED_EDGE('',*,*,#1444,.T.);
#1873=ORIENTED_EDGE('',*,*,#1443,.T.);
#1874=ORIENTED_EDGE('',*,*,#1445,.F.);
#1875=ORIENTED_EDGE('',*,*,#1446,.F.);
#1876=ORIENTED_EDGE('',*,*,#1447,.T.);
#1877=ORIENTED_EDGE('',*,*,#1446,.T.);
#1878=ORIENTED_EDGE('',*,*,#1448,.F.);
#1879=ORIENTED_EDGE('',*,*,#1449,.F.);
#1880=ORIENTED_EDGE('',*,*,#1450,.T.);
#1881=ORIENTED_EDGE('',*,*,#1449,.T.);
#1882=ORIENTED_EDGE('',*,*,#1451,.F.);
#1883=ORIENTED_EDGE('',*,*,#1452,.F.);
#1884=ORIENTED_EDGE('',*,*,#1453,.T.);
#1885=ORIENTED_EDGE('',*,*,#1452,.T.);
#1886=ORIENTED_EDGE('',*,*,#1454,.F.);
#1887=ORIENTED_EDGE('',*,*,#1455,.F.);
#1888=ORIENTED_EDGE('',*,*,#1456,.T.);
#1889=ORIENTED_EDGE('',*,*,#1455,.T.);
#1890=ORIENTED_EDGE('',*,*,#1457,.F.);
#1891=ORIENTED_EDGE('',*,*,#1458,.F.);
#1892=ORIENTED_EDGE('',*,*,#1459,.T.);
#1893=ORIENTED_EDGE('',*,*,#1458,.T.);
#1894=ORIENTED_EDGE('',*,*,#1460,.F.);
#1895=ORIENTED_EDGE('',*,*,#1438,.F.);
#1896=ORIENTED_EDGE('',*,*,#1461,.T.);
#1897=ORIENTED_EDGE('',*,*,#1462,.T.);
#1898=ORIENTED_EDGE('',*,*,#1463,.F.);
#1899=ORIENTED_EDGE('',*,*,#1464,.F.);
#1900=ORIENTED_EDGE('',*,*,#1465,.T.);
#1901=ORIENTED_EDGE('',*,*,#1464,.T.);
#1902=ORIENTED_EDGE('',*,*,#1466,.F.);
#1903=ORIENTED_EDGE('',*,*,#1467,.F.);
#1904=ORIENTED_EDGE('',*,*,#1468,.T.);
#1905=ORIENTED_EDGE('',*,*,#1467,.T.);
#1906=ORIENTED_EDGE('',*,*,#1469,.F.);
#1907=ORIENTED_EDGE('',*,*,#1470,.F.);
#1908=ORIENTED_EDGE('',*,*,#1471,.T.);
#1909=ORIENTED_EDGE('',*,*,#1470,.T.);
#1910=ORIENTED_EDGE('',*,*,#1472,.F.);
#1911=ORIENTED_EDGE('',*,*,#1473,.F.);
#1912=ORIENTED_EDGE('',*,*,#1474,.T.);
#1913=ORIENTED_EDGE('',*,*,#1473,.T.);
#1914=ORIENTED_EDGE('',*,*,#1475,.F.);
#1915=ORIENTED_EDGE('',*,*,#1476,.F.);
#1916=ORIENTED_EDGE('',*,*,#1477,.T.);
#1917=ORIENTED_EDGE('',*,*,#1476,.T.);
#1918=ORIENTED_EDGE('',*,*,#1478,.F.);
#1919=ORIENTED_EDGE('',*,*,#1479,.F.);
#1920=ORIENTED_EDGE('',*,*,#1480,.T.);
#1921=ORIENTED_EDGE('',*,*,#1479,.T.);
#1922=ORIENTED_EDGE('',*,*,#1481,.F.);
#1923=ORIENTED_EDGE('',*,*,#1482,.F.);
#1924=ORIENTED_EDGE('',*,*,#1483,.T.);
#1925=ORIENTED_EDGE('',*,*,#1482,.T.);
#1926=ORIENTED_EDGE('',*,*,#1484,.F.);
#1927=ORIENTED_EDGE('',*,*,#1462,.F.);
#1928=ORIENTED_EDGE('',*,*,#1485,.F.);
#1929=ORIENTED_EDGE('',*,*,#1486,.T.);
#1930=ORIENTED_EDGE('',*,*,#1487,.T.);
#1931=ORIENTED_EDGE('',*,*,#1486,.F.);
#1932=ORIENTED_EDGE('',*,*,#1488,.T.);
#1933=ORIENTED_EDGE('',*,*,#1489,.T.);
#1934=ORIENTED_EDGE('',*,*,#1490,.F.);
#1935=ORIENTED_EDGE('',*,*,#1491,.F.);
#1936=ORIENTED_EDGE('',*,*,#1492,.T.);
#1937=ORIENTED_EDGE('',*,*,#1491,.T.);
#1938=ORIENTED_EDGE('',*,*,#1493,.F.);
#1939=ORIENTED_EDGE('',*,*,#1494,.F.);
#1940=ORIENTED_EDGE('',*,*,#1495,.T.);
#1941=ORIENTED_EDGE('',*,*,#1494,.T.);
#1942=ORIENTED_EDGE('',*,*,#1496,.F.);
#1943=ORIENTED_EDGE('',*,*,#1497,.F.);
#1944=ORIENTED_EDGE('',*,*,#1498,.T.);
#1945=ORIENTED_EDGE('',*,*,#1497,.T.);
#1946=ORIENTED_EDGE('',*,*,#1499,.F.);
#1947=ORIENTED_EDGE('',*,*,#1500,.F.);
#1948=ORIENTED_EDGE('',*,*,#1501,.T.);
#1949=ORIENTED_EDGE('',*,*,#1500,.T.);
#1950=ORIENTED_EDGE('',*,*,#1502,.F.);
#1951=ORIENTED_EDGE('',*,*,#1503,.F.);
#1952=ORIENTED_EDGE('',*,*,#1504,.T.);
#1953=ORIENTED_EDGE('',*,*,#1503,.T.);
#1954=ORIENTED_EDGE('',*,*,#1505,.F.);
#1955=ORIENTED_EDGE('',*,*,#1506,.F.);
#1956=ORIENTED_EDGE('',*,*,#1507,.T.);
#1957=ORIENTED_EDGE('',*,*,#1506,.T.);
#1958=ORIENTED_EDGE('',*,*,#1508,.F.);
#1959=ORIENTED_EDGE('',*,*,#1509,.F.);
#1960=ORIENTED_EDGE('',*,*,#1510,.T.);
#1961=ORIENTED_EDGE('',*,*,#1509,.T.);
#1962=ORIENTED_EDGE('',*,*,#1511,.F.);
#1963=ORIENTED_EDGE('',*,*,#1489,.F.);
#1964=ORIENTED_EDGE('',*,*,#1512,.F.);
#1965=ORIENTED_EDGE('',*,*,#1513,.T.);
#1966=ORIENTED_EDGE('',*,*,#1514,.T.);
#1967=ORIENTED_EDGE('',*,*,#1513,.F.);
#1968=ORIENTED_EDGE('',*,*,#1515,.F.);
#1969=ORIENTED_EDGE('',*,*,#1516,.T.);
#1970=ORIENTED_EDGE('',*,*,#1517,.T.);
#1971=ORIENTED_EDGE('',*,*,#1516,.F.);
#1972=ORIENTED_EDGE('',*,*,#1518,.T.);
#1973=ORIENTED_EDGE('',*,*,#1519,.T.);
#1974=ORIENTED_EDGE('',*,*,#1520,.F.);
#1975=ORIENTED_EDGE('',*,*,#1521,.F.);
#1976=ORIENTED_EDGE('',*,*,#1522,.T.);
#1977=ORIENTED_EDGE('',*,*,#1521,.T.);
#1978=ORIENTED_EDGE('',*,*,#1523,.F.);
#1979=ORIENTED_EDGE('',*,*,#1524,.F.);
#1980=ORIENTED_EDGE('',*,*,#1525,.T.);
#1981=ORIENTED_EDGE('',*,*,#1524,.T.);
#1982=ORIENTED_EDGE('',*,*,#1526,.F.);
#1983=ORIENTED_EDGE('',*,*,#1527,.F.);
#1984=ORIENTED_EDGE('',*,*,#1528,.T.);
#1985=ORIENTED_EDGE('',*,*,#1527,.T.);
#1986=ORIENTED_EDGE('',*,*,#1529,.F.);
#1987=ORIENTED_EDGE('',*,*,#1530,.F.);
#1988=ORIENTED_EDGE('',*,*,#1531,.T.);
#1989=ORIENTED_EDGE('',*,*,#1530,.T.);
#1990=ORIENTED_EDGE('',*,*,#1532,.F.);
#1991=ORIENTED_EDGE('',*,*,#1533,.F.);
#1992=ORIENTED_EDGE('',*,*,#1534,.T.);
#1993=ORIENTED_EDGE('',*,*,#1533,.T.);
#1994=ORIENTED_EDGE('',*,*,#1535,.F.);
#1995=ORIENTED_EDGE('',*,*,#1536,.F.);
#1996=ORIENTED_EDGE('',*,*,#1537,.T.);
#1997=ORIENTED_EDGE('',*,*,#1536,.T.);
#1998=ORIENTED_EDGE('',*,*,#1538,.F.);
#1999=ORIENTED_EDGE('',*,*,#1539,.F.);
#2000=ORIENTED_EDGE('',*,*,#1540,.T.);
#2001=ORIENTED_EDGE('',*,*,#1539,.T.);
#2002=ORIENTED_EDGE('',*,*,#1541,.F.);
#2003=ORIENTED_EDGE('',*,*,#1519,.F.);
#2004=ORIENTED_EDGE('',*,*,#1542,.T.);
#2005=ORIENTED_EDGE('',*,*,#1543,.T.);
#2006=ORIENTED_EDGE('',*,*,#1544,.F.);
#2007=ORIENTED_EDGE('',*,*,#1545,.F.);
#2008=ORIENTED_EDGE('',*,*,#1546,.T.);
#2009=ORIENTED_EDGE('',*,*,#1545,.T.);
#2010=ORIENTED_EDGE('',*,*,#1547,.F.);
#2011=ORIENTED_EDGE('',*,*,#1548,.F.);
#2012=ORIENTED_EDGE('',*,*,#1549,.T.);
#2013=ORIENTED_EDGE('',*,*,#1548,.T.);
#2014=ORIENTED_EDGE('',*,*,#1550,.F.);
#2015=ORIENTED_EDGE('',*,*,#1551,.F.);
#2016=ORIENTED_EDGE('',*,*,#1552,.T.);
#2017=ORIENTED_EDGE('',*,*,#1551,.T.);
#2018=ORIENTED_EDGE('',*,*,#1553,.F.);
#2019=ORIENTED_EDGE('',*,*,#1554,.F.);
#2020=ORIENTED_EDGE('',*,*,#1555,.T.);
#2021=ORIENTED_EDGE('',*,*,#1554,.T.);
#2022=ORIENTED_EDGE('',*,*,#1556,.F.);
#2023=ORIENTED_EDGE('',*,*,#1557,.F.);
#2024=ORIENTED_EDGE('',*,*,#1558,.T.);
#2025=ORIENTED_EDGE('',*,*,#1557,.T.);
#2026=ORIENTED_EDGE('',*,*,#1559,.F.);
#2027=ORIENTED_EDGE('',*,*,#1560,.F.);
#2028=ORIENTED_EDGE('',*,*,#1561,.T.);
#2029=ORIENTED_EDGE('',*,*,#1560,.T.);
#2030=ORIENTED_EDGE('',*,*,#1562,.F.);
#2031=ORIENTED_EDGE('',*,*,#1563,.F.);
#2032=ORIENTED_EDGE('',*,*,#1564,.T.);
#2033=ORIENTED_EDGE('',*,*,#1563,.T.);
#2034=ORIENTED_EDGE('',*,*,#1565,.F.);
#2035=ORIENTED_EDGE('',*,*,#1543,.F.);
#2036=ORIENTED_EDGE('',*,*,#1566,.T.);
#2037=ORIENTED_EDGE('',*,*,#1567,.T.);
#2038=ORIENTED_EDGE('',*,*,#1568,.F.);
#2039=ORIENTED_EDGE('',*,*,#1262,.F.);
#2040=ORIENTED_EDGE('',*,*,#1569,.T.);
#2041=ORIENTED_EDGE('',*,*,#1264,.T.);
#2042=ORIENTED_EDGE('',*,*,#1570,.F.);
#2043=ORIENTED_EDGE('',*,*,#1571,.F.);
#2044=ORIENTED_EDGE('',*,*,#1572,.T.);
#2045=ORIENTED_EDGE('',*,*,#1571,.T.);
#2046=ORIENTED_EDGE('',*,*,#1573,.F.);
#2047=ORIENTED_EDGE('',*,*,#1574,.F.);
#2048=ORIENTED_EDGE('',*,*,#1575,.T.);
#2049=ORIENTED_EDGE('',*,*,#1574,.T.);
#2050=ORIENTED_EDGE('',*,*,#1576,.F.);
#2051=ORIENTED_EDGE('',*,*,#1577,.F.);
#2052=ORIENTED_EDGE('',*,*,#1578,.T.);
#2053=ORIENTED_EDGE('',*,*,#1577,.T.);
#2054=ORIENTED_EDGE('',*,*,#1579,.F.);
#2055=ORIENTED_EDGE('',*,*,#1580,.F.);
#2056=ORIENTED_EDGE('',*,*,#1581,.T.);
#2057=ORIENTED_EDGE('',*,*,#1580,.T.);
#2058=ORIENTED_EDGE('',*,*,#1582,.F.);
#2059=ORIENTED_EDGE('',*,*,#1583,.F.);
#2060=ORIENTED_EDGE('',*,*,#1584,.T.);
#2061=ORIENTED_EDGE('',*,*,#1583,.T.);
#2062=ORIENTED_EDGE('',*,*,#1585,.F.);
#2063=ORIENTED_EDGE('',*,*,#1586,.F.);
#2064=ORIENTED_EDGE('',*,*,#1587,.T.);
#2065=ORIENTED_EDGE('',*,*,#1586,.T.);
#2066=ORIENTED_EDGE('',*,*,#1588,.F.);
#2067=ORIENTED_EDGE('',*,*,#1589,.F.);
#2068=ORIENTED_EDGE('',*,*,#1590,.T.);
#2069=ORIENTED_EDGE('',*,*,#1589,.T.);
#2070=ORIENTED_EDGE('',*,*,#1591,.F.);
#2071=ORIENTED_EDGE('',*,*,#1567,.F.);
#2072=ORIENTED_EDGE('',*,*,#1591,.T.);
#2073=ORIENTED_EDGE('',*,*,#1588,.T.);
#2074=ORIENTED_EDGE('',*,*,#1585,.T.);
#2075=ORIENTED_EDGE('',*,*,#1582,.T.);
#2076=ORIENTED_EDGE('',*,*,#1579,.T.);
#2077=ORIENTED_EDGE('',*,*,#1576,.T.);
#2078=ORIENTED_EDGE('',*,*,#1573,.T.);
#2079=ORIENTED_EDGE('',*,*,#1570,.T.);
#2080=ORIENTED_EDGE('',*,*,#1263,.T.);
#2081=ORIENTED_EDGE('',*,*,#1568,.T.);
#2082=ORIENTED_EDGE('',*,*,#1235,.T.);
#2083=ORIENTED_EDGE('',*,*,#1238,.T.);
#2084=ORIENTED_EDGE('',*,*,#1248,.T.);
#2085=ORIENTED_EDGE('',*,*,#1245,.T.);
#2086=ORIENTED_EDGE('',*,*,#1242,.T.);
#2087=ORIENTED_EDGE('',*,*,#1565,.T.);
#2088=ORIENTED_EDGE('',*,*,#1562,.T.);
#2089=ORIENTED_EDGE('',*,*,#1559,.T.);
#2090=ORIENTED_EDGE('',*,*,#1556,.T.);
#2091=ORIENTED_EDGE('',*,*,#1553,.T.);
#2092=ORIENTED_EDGE('',*,*,#1550,.T.);
#2093=ORIENTED_EDGE('',*,*,#1547,.T.);
#2094=ORIENTED_EDGE('',*,*,#1544,.T.);
#2095=ORIENTED_EDGE('',*,*,#1541,.T.);
#2096=ORIENTED_EDGE('',*,*,#1538,.T.);
#2097=ORIENTED_EDGE('',*,*,#1535,.T.);
#2098=ORIENTED_EDGE('',*,*,#1532,.T.);
#2099=ORIENTED_EDGE('',*,*,#1529,.T.);
#2100=ORIENTED_EDGE('',*,*,#1526,.T.);
#2101=ORIENTED_EDGE('',*,*,#1523,.T.);
#2102=ORIENTED_EDGE('',*,*,#1520,.T.);
#2103=ORIENTED_EDGE('',*,*,#1515,.T.);
#2104=ORIENTED_EDGE('',*,*,#1512,.T.);
#2105=ORIENTED_EDGE('',*,*,#1511,.T.);
#2106=ORIENTED_EDGE('',*,*,#1508,.T.);
#2107=ORIENTED_EDGE('',*,*,#1505,.T.);
#2108=ORIENTED_EDGE('',*,*,#1502,.T.);
#2109=ORIENTED_EDGE('',*,*,#1499,.T.);
#2110=ORIENTED_EDGE('',*,*,#1496,.T.);
#2111=ORIENTED_EDGE('',*,*,#1493,.T.);
#2112=ORIENTED_EDGE('',*,*,#1490,.T.);
#2113=ORIENTED_EDGE('',*,*,#1485,.T.);
#2114=ORIENTED_EDGE('',*,*,#1484,.T.);
#2115=ORIENTED_EDGE('',*,*,#1481,.T.);
#2116=ORIENTED_EDGE('',*,*,#1478,.T.);
#2117=ORIENTED_EDGE('',*,*,#1475,.T.);
#2118=ORIENTED_EDGE('',*,*,#1472,.T.);
#2119=ORIENTED_EDGE('',*,*,#1469,.T.);
#2120=ORIENTED_EDGE('',*,*,#1466,.T.);
#2121=ORIENTED_EDGE('',*,*,#1463,.T.);
#2122=ORIENTED_EDGE('',*,*,#1460,.T.);
#2123=ORIENTED_EDGE('',*,*,#1457,.T.);
#2124=ORIENTED_EDGE('',*,*,#1454,.T.);
#2125=ORIENTED_EDGE('',*,*,#1451,.T.);
#2126=ORIENTED_EDGE('',*,*,#1448,.T.);
#2127=ORIENTED_EDGE('',*,*,#1445,.T.);
#2128=ORIENTED_EDGE('',*,*,#1442,.T.);
#2129=ORIENTED_EDGE('',*,*,#1439,.T.);
#2130=ORIENTED_EDGE('',*,*,#1436,.T.);
#2131=ORIENTED_EDGE('',*,*,#1433,.T.);
#2132=ORIENTED_EDGE('',*,*,#1430,.T.);
#2133=ORIENTED_EDGE('',*,*,#1427,.T.);
#2134=ORIENTED_EDGE('',*,*,#1424,.T.);
#2135=ORIENTED_EDGE('',*,*,#1421,.T.);
#2136=ORIENTED_EDGE('',*,*,#1418,.T.);
#2137=ORIENTED_EDGE('',*,*,#1415,.T.);
#2138=ORIENTED_EDGE('',*,*,#1412,.T.);
#2139=ORIENTED_EDGE('',*,*,#1409,.T.);
#2140=ORIENTED_EDGE('',*,*,#1406,.T.);
#2141=ORIENTED_EDGE('',*,*,#1403,.T.);
#2142=ORIENTED_EDGE('',*,*,#1400,.T.);
#2143=ORIENTED_EDGE('',*,*,#1397,.T.);
#2144=ORIENTED_EDGE('',*,*,#1394,.T.);
#2145=ORIENTED_EDGE('',*,*,#1391,.T.);
#2146=ORIENTED_EDGE('',*,*,#1388,.T.);
#2147=ORIENTED_EDGE('',*,*,#1385,.T.);
#2148=ORIENTED_EDGE('',*,*,#1382,.T.);
#2149=ORIENTED_EDGE('',*,*,#1379,.T.);
#2150=ORIENTED_EDGE('',*,*,#1376,.T.);
#2151=ORIENTED_EDGE('',*,*,#1373,.T.);
#2152=ORIENTED_EDGE('',*,*,#1370,.T.);
#2153=ORIENTED_EDGE('',*,*,#1367,.T.);
#2154=ORIENTED_EDGE('',*,*,#1362,.T.);
#2155=ORIENTED_EDGE('',*,*,#1361,.T.);
#2156=ORIENTED_EDGE('',*,*,#1358,.T.);
#2157=ORIENTED_EDGE('',*,*,#1355,.T.);
#2158=ORIENTED_EDGE('',*,*,#1352,.T.);
#2159=ORIENTED_EDGE('',*,*,#1349,.T.);
#2160=ORIENTED_EDGE('',*,*,#1346,.T.);
#2161=ORIENTED_EDGE('',*,*,#1343,.T.);
#2162=ORIENTED_EDGE('',*,*,#1340,.T.);
#2163=ORIENTED_EDGE('',*,*,#1337,.T.);
#2164=ORIENTED_EDGE('',*,*,#1334,.T.);
#2165=ORIENTED_EDGE('',*,*,#1331,.T.);
#2166=ORIENTED_EDGE('',*,*,#1328,.T.);
#2167=ORIENTED_EDGE('',*,*,#1325,.T.);
#2168=ORIENTED_EDGE('',*,*,#1322,.T.);
#2169=ORIENTED_EDGE('',*,*,#1319,.T.);
#2170=ORIENTED_EDGE('',*,*,#1316,.T.);
#2171=ORIENTED_EDGE('',*,*,#1313,.T.);
#2172=ORIENTED_EDGE('',*,*,#1310,.T.);
#2173=ORIENTED_EDGE('',*,*,#1307,.T.);
#2174=ORIENTED_EDGE('',*,*,#1304,.T.);
#2175=ORIENTED_EDGE('',*,*,#1301,.T.);
#2176=ORIENTED_EDGE('',*,*,#1298,.T.);
#2177=ORIENTED_EDGE('',*,*,#1295,.T.);
#2178=ORIENTED_EDGE('',*,*,#1292,.T.);
#2179=ORIENTED_EDGE('',*,*,#1289,.T.);
#2180=ORIENTED_EDGE('',*,*,#1286,.T.);
#2181=ORIENTED_EDGE('',*,*,#1283,.T.);
#2182=ORIENTED_EDGE('',*,*,#1280,.T.);
#2183=ORIENTED_EDGE('',*,*,#1277,.T.);
#2184=ORIENTED_EDGE('',*,*,#1274,.T.);
#2185=ORIENTED_EDGE('',*,*,#1271,.T.);
#2186=ORIENTED_EDGE('',*,*,#1268,.T.);
#2187=ORIENTED_EDGE('',*,*,#1250,.T.);
#2188=ORIENTED_EDGE('',*,*,#1265,.T.);
#2189=ORIENTED_EDGE('',*,*,#1569,.F.);
#2190=ORIENTED_EDGE('',*,*,#1572,.F.);
#2191=ORIENTED_EDGE('',*,*,#1575,.F.);
#2192=ORIENTED_EDGE('',*,*,#1578,.F.);
#2193=ORIENTED_EDGE('',*,*,#1581,.F.);
#2194=ORIENTED_EDGE('',*,*,#1584,.F.);
#2195=ORIENTED_EDGE('',*,*,#1587,.F.);
#2196=ORIENTED_EDGE('',*,*,#1590,.F.);
#2197=ORIENTED_EDGE('',*,*,#1566,.F.);
#2198=ORIENTED_EDGE('',*,*,#1261,.T.);
#2199=ORIENTED_EDGE('',*,*,#1257,.T.);
#2200=ORIENTED_EDGE('',*,*,#1254,.T.);
#2201=ORIENTED_EDGE('',*,*,#1237,.T.);
#2202=ORIENTED_EDGE('',*,*,#1240,.T.);
#2203=ORIENTED_EDGE('',*,*,#1244,.T.);
#2204=ORIENTED_EDGE('',*,*,#1247,.T.);
#2205=ORIENTED_EDGE('',*,*,#1249,.T.);
#2206=ORIENTED_EDGE('',*,*,#1564,.F.);
#2207=ORIENTED_EDGE('',*,*,#1542,.F.);
#2208=ORIENTED_EDGE('',*,*,#1546,.F.);
#2209=ORIENTED_EDGE('',*,*,#1549,.F.);
#2210=ORIENTED_EDGE('',*,*,#1552,.F.);
#2211=ORIENTED_EDGE('',*,*,#1555,.F.);
#2212=ORIENTED_EDGE('',*,*,#1558,.F.);
#2213=ORIENTED_EDGE('',*,*,#1561,.F.);
#2214=ORIENTED_EDGE('',*,*,#1540,.F.);
#2215=ORIENTED_EDGE('',*,*,#1518,.F.);
#2216=ORIENTED_EDGE('',*,*,#1522,.F.);
#2217=ORIENTED_EDGE('',*,*,#1525,.F.);
#2218=ORIENTED_EDGE('',*,*,#1528,.F.);
#2219=ORIENTED_EDGE('',*,*,#1531,.F.);
#2220=ORIENTED_EDGE('',*,*,#1534,.F.);
#2221=ORIENTED_EDGE('',*,*,#1537,.F.);
#2222=ORIENTED_EDGE('',*,*,#1517,.F.);
#2223=ORIENTED_EDGE('',*,*,#1514,.F.);
#2224=ORIENTED_EDGE('',*,*,#1510,.F.);
#2225=ORIENTED_EDGE('',*,*,#1488,.F.);
#2226=ORIENTED_EDGE('',*,*,#1492,.F.);
#2227=ORIENTED_EDGE('',*,*,#1495,.F.);
#2228=ORIENTED_EDGE('',*,*,#1498,.F.);
#2229=ORIENTED_EDGE('',*,*,#1501,.F.);
#2230=ORIENTED_EDGE('',*,*,#1504,.F.);
#2231=ORIENTED_EDGE('',*,*,#1507,.F.);
#2232=ORIENTED_EDGE('',*,*,#1487,.F.);
#2233=ORIENTED_EDGE('',*,*,#1483,.F.);
#2234=ORIENTED_EDGE('',*,*,#1461,.F.);
#2235=ORIENTED_EDGE('',*,*,#1465,.F.);
#2236=ORIENTED_EDGE('',*,*,#1468,.F.);
#2237=ORIENTED_EDGE('',*,*,#1471,.F.);
#2238=ORIENTED_EDGE('',*,*,#1474,.F.);
#2239=ORIENTED_EDGE('',*,*,#1477,.F.);
#2240=ORIENTED_EDGE('',*,*,#1480,.F.);
#2241=ORIENTED_EDGE('',*,*,#1459,.F.);
#2242=ORIENTED_EDGE('',*,*,#1437,.F.);
#2243=ORIENTED_EDGE('',*,*,#1441,.F.);
#2244=ORIENTED_EDGE('',*,*,#1444,.F.);
#2245=ORIENTED_EDGE('',*,*,#1447,.F.);
#2246=ORIENTED_EDGE('',*,*,#1450,.F.);
#2247=ORIENTED_EDGE('',*,*,#1453,.F.);
#2248=ORIENTED_EDGE('',*,*,#1456,.F.);
#2249=ORIENTED_EDGE('',*,*,#1435,.F.);
#2250=ORIENTED_EDGE('',*,*,#1413,.F.);
#2251=ORIENTED_EDGE('',*,*,#1417,.F.);
#2252=ORIENTED_EDGE('',*,*,#1420,.F.);
#2253=ORIENTED_EDGE('',*,*,#1423,.F.);
#2254=ORIENTED_EDGE('',*,*,#1426,.F.);
#2255=ORIENTED_EDGE('',*,*,#1429,.F.);
#2256=ORIENTED_EDGE('',*,*,#1432,.F.);
#2257=ORIENTED_EDGE('',*,*,#1411,.F.);
#2258=ORIENTED_EDGE('',*,*,#1389,.F.);
#2259=ORIENTED_EDGE('',*,*,#1393,.F.);
#2260=ORIENTED_EDGE('',*,*,#1396,.F.);
#2261=ORIENTED_EDGE('',*,*,#1399,.F.);
#2262=ORIENTED_EDGE('',*,*,#1402,.F.);
#2263=ORIENTED_EDGE('',*,*,#1405,.F.);
#2264=ORIENTED_EDGE('',*,*,#1408,.F.);
#2265=ORIENTED_EDGE('',*,*,#1387,.F.);
#2266=ORIENTED_EDGE('',*,*,#1365,.F.);
#2267=ORIENTED_EDGE('',*,*,#1369,.F.);
#2268=ORIENTED_EDGE('',*,*,#1372,.F.);
#2269=ORIENTED_EDGE('',*,*,#1375,.F.);
#2270=ORIENTED_EDGE('',*,*,#1378,.F.);
#2271=ORIENTED_EDGE('',*,*,#1381,.F.);
#2272=ORIENTED_EDGE('',*,*,#1384,.F.);
#2273=ORIENTED_EDGE('',*,*,#1364,.F.);
#2274=ORIENTED_EDGE('',*,*,#1360,.F.);
#2275=ORIENTED_EDGE('',*,*,#1338,.F.);
#2276=ORIENTED_EDGE('',*,*,#1342,.F.);
#2277=ORIENTED_EDGE('',*,*,#1345,.F.);
#2278=ORIENTED_EDGE('',*,*,#1348,.F.);
#2279=ORIENTED_EDGE('',*,*,#1351,.F.);
#2280=ORIENTED_EDGE('',*,*,#1354,.F.);
#2281=ORIENTED_EDGE('',*,*,#1357,.F.);
#2282=ORIENTED_EDGE('',*,*,#1336,.F.);
#2283=ORIENTED_EDGE('',*,*,#1314,.F.);
#2284=ORIENTED_EDGE('',*,*,#1318,.F.);
#2285=ORIENTED_EDGE('',*,*,#1321,.F.);
#2286=ORIENTED_EDGE('',*,*,#1324,.F.);
#2287=ORIENTED_EDGE('',*,*,#1327,.F.);
#2288=ORIENTED_EDGE('',*,*,#1330,.F.);
#2289=ORIENTED_EDGE('',*,*,#1333,.F.);
#2290=ORIENTED_EDGE('',*,*,#1312,.F.);
#2291=ORIENTED_EDGE('',*,*,#1290,.F.);
#2292=ORIENTED_EDGE('',*,*,#1294,.F.);
#2293=ORIENTED_EDGE('',*,*,#1297,.F.);
#2294=ORIENTED_EDGE('',*,*,#1300,.F.);
#2295=ORIENTED_EDGE('',*,*,#1303,.F.);
#2296=ORIENTED_EDGE('',*,*,#1306,.F.);
#2297=ORIENTED_EDGE('',*,*,#1309,.F.);
#2298=ORIENTED_EDGE('',*,*,#1288,.F.);
#2299=ORIENTED_EDGE('',*,*,#1266,.F.);
#2300=ORIENTED_EDGE('',*,*,#1270,.F.);
#2301=ORIENTED_EDGE('',*,*,#1273,.F.);
#2302=ORIENTED_EDGE('',*,*,#1276,.F.);
#2303=ORIENTED_EDGE('',*,*,#1279,.F.);
#2304=ORIENTED_EDGE('',*,*,#1282,.F.);
#2305=ORIENTED_EDGE('',*,*,#1285,.F.);
#2306=CYLINDRICAL_SURFACE('',#2487,4.25);
#2307=CYLINDRICAL_SURFACE('',#2500,0.499999999999994);
#2308=CYLINDRICAL_SURFACE('',#2504,0.5);
#2309=CYLINDRICAL_SURFACE('',#2508,0.499999999999998);
#2310=CYLINDRICAL_SURFACE('',#2512,0.499999999999998);
#2311=CYLINDRICAL_SURFACE('',#2516,0.499999999999989);
#2312=CYLINDRICAL_SURFACE('',#2520,0.499999999999998);
#2313=CYLINDRICAL_SURFACE('',#2524,0.499999999999998);
#2314=CYLINDRICAL_SURFACE('',#2528,0.499999999999998);
#2315=CYLINDRICAL_SURFACE('',#2532,0.499999999999998);
#2316=CYLINDRICAL_SURFACE('',#2536,0.499999999999998);
#2317=CYLINDRICAL_SURFACE('',#2540,0.5);
#2318=CYLINDRICAL_SURFACE('',#2544,0.499999999999998);
#2319=CYLINDRICAL_SURFACE('',#2548,0.499999999999998);
#2320=CYLINDRICAL_SURFACE('',#2552,0.499999999999998);
#2321=CYLINDRICAL_SURFACE('',#2556,0.499999999999998);
#2322=CYLINDRICAL_SURFACE('',#2560,0.499999999999998);
#2323=CYLINDRICAL_SURFACE('',#2563,1.7);
#2324=CYLINDRICAL_SURFACE('',#2567,0.499999999999998);
#2325=CYLINDRICAL_SURFACE('',#2571,0.499999999999998);
#2326=CYLINDRICAL_SURFACE('',#2575,0.499999999999998);
#2327=CYLINDRICAL_SURFACE('',#2579,0.499999999999998);
#2328=CYLINDRICAL_SURFACE('',#2583,0.499999999999989);
#2329=CYLINDRICAL_SURFACE('',#2587,0.499999999999998);
#2330=CYLINDRICAL_SURFACE('',#2591,0.499999999999998);
#2331=CYLINDRICAL_SURFACE('',#2595,0.499999999999998);
#2332=CYLINDRICAL_SURFACE('',#2599,0.499999999999998);
#2333=CYLINDRICAL_SURFACE('',#2603,0.499999999999998);
#2334=CYLINDRICAL_SURFACE('',#2607,0.499999999999998);
#2335=CYLINDRICAL_SURFACE('',#2611,0.499999999999998);
#2336=CYLINDRICAL_SURFACE('',#2615,0.499999999999998);
#2337=CYLINDRICAL_SURFACE('',#2619,0.499999999999998);
#2338=CYLINDRICAL_SURFACE('',#2623,0.499999999999998);
#2339=CYLINDRICAL_SURFACE('',#2627,0.5);
#2340=CYLINDRICAL_SURFACE('',#2631,0.500000000000003);
#2341=CYLINDRICAL_SURFACE('',#2635,0.500000000000007);
#2342=CYLINDRICAL_SURFACE('',#2639,0.5);
#2343=CYLINDRICAL_SURFACE('',#2643,0.499999999999998);
#2344=CYLINDRICAL_SURFACE('',#2646,1.7);
#2345=CYLINDRICAL_SURFACE('',#2650,0.499999999999998);
#2346=CYLINDRICAL_SURFACE('',#2654,0.499999999999998);
#2347=CYLINDRICAL_SURFACE('',#2658,0.499999999999998);
#2348=CYLINDRICAL_SURFACE('',#2662,0.499999999999989);
#2349=CYLINDRICAL_SURFACE('',#2665,1.7);
#2350=CYLINDRICAL_SURFACE('',#2668,1.7);
#2351=CYLINDRICAL_SURFACE('',#2672,0.5);
#2352=CYLINDRICAL_SURFACE('',#2676,0.5);
#2353=CYLINDRICAL_SURFACE('',#2680,0.499999999999998);
#2354=CYLINDRICAL_SURFACE('',#2684,0.499999999999998);
#2355=CYLINDRICAL_SURFACE('',#2688,0.499999999999998);
#2356=CYLINDRICAL_SURFACE('',#2692,0.499999999999998);
#2357=CYLINDRICAL_SURFACE('',#2696,0.499999999999998);
#2358=CYLINDRICAL_SURFACE('',#2700,0.499999999999997);
#2359=CYLINDRICAL_SURFACE('',#2705,5.00000000000002);
#2360=CYLINDRICAL_SURFACE('',#2709,5.00000000000002);
#2361=CYLINDRICAL_SURFACE('',#2713,5.);
#2362=CYLINDRICAL_SURFACE('',#2717,5.);
#2363=ADVANCED_FACE('',(#119),#2306,.F.);
#2364=ADVANCED_FACE('',(#120),#55,.F.);
#2365=ADVANCED_FACE('',(#121),#56,.F.);
#2366=ADVANCED_FACE('',(#122),#57,.F.);
#2367=ADVANCED_FACE('',(#123),#58,.F.);
#2368=ADVANCED_FACE('',(#124),#59,.F.);
#2369=ADVANCED_FACE('',(#125),#60,.F.);
#2370=ADVANCED_FACE('',(#126),#61,.F.);
#2371=ADVANCED_FACE('',(#127),#62,.F.);
#2372=ADVANCED_FACE('',(#128),#63,.T.);
#2373=ADVANCED_FACE('',(#129),#64,.T.);
#2374=ADVANCED_FACE('',(#130),#2307,.F.);
#2375=ADVANCED_FACE('',(#131),#65,.T.);
#2376=ADVANCED_FACE('',(#132),#2308,.F.);
#2377=ADVANCED_FACE('',(#133),#66,.T.);
#2378=ADVANCED_FACE('',(#134),#2309,.F.);
#2379=ADVANCED_FACE('',(#135),#67,.T.);
#2380=ADVANCED_FACE('',(#136),#2310,.F.);
#2381=ADVANCED_FACE('',(#137),#68,.T.);
#2382=ADVANCED_FACE('',(#138),#2311,.F.);
#2383=ADVANCED_FACE('',(#139),#69,.T.);
#2384=ADVANCED_FACE('',(#140),#2312,.F.);
#2385=ADVANCED_FACE('',(#141),#70,.T.);
#2386=ADVANCED_FACE('',(#142),#2313,.F.);
#2387=ADVANCED_FACE('',(#143),#71,.T.);
#2388=ADVANCED_FACE('',(#144),#2314,.F.);
#2389=ADVANCED_FACE('',(#145),#72,.T.);
#2390=ADVANCED_FACE('',(#146),#2315,.F.);
#2391=ADVANCED_FACE('',(#147),#73,.T.);
#2392=ADVANCED_FACE('',(#148),#2316,.F.);
#2393=ADVANCED_FACE('',(#149),#74,.T.);
#2394=ADVANCED_FACE('',(#150),#2317,.F.);
#2395=ADVANCED_FACE('',(#151),#75,.T.);
#2396=ADVANCED_FACE('',(#152),#2318,.F.);
#2397=ADVANCED_FACE('',(#153),#76,.T.);
#2398=ADVANCED_FACE('',(#154),#2319,.F.);
#2399=ADVANCED_FACE('',(#155),#77,.T.);
#2400=ADVANCED_FACE('',(#156),#2320,.F.);
#2401=ADVANCED_FACE('',(#157),#78,.T.);
#2402=ADVANCED_FACE('',(#158),#2321,.F.);
#2403=ADVANCED_FACE('',(#159),#79,.T.);
#2404=ADVANCED_FACE('',(#160),#2322,.F.);
#2405=ADVANCED_FACE('',(#161),#2323,.F.);
#2406=ADVANCED_FACE('',(#162),#80,.T.);
#2407=ADVANCED_FACE('',(#163),#2324,.F.);
#2408=ADVANCED_FACE('',(#164),#81,.T.);
#2409=ADVANCED_FACE('',(#165),#2325,.F.);
#2410=ADVANCED_FACE('',(#166),#82,.T.);
#2411=ADVANCED_FACE('',(#167),#2326,.F.);
#2412=ADVANCED_FACE('',(#168),#83,.T.);
#2413=ADVANCED_FACE('',(#169),#2327,.F.);
#2414=ADVANCED_FACE('',(#170),#84,.T.);
#2415=ADVANCED_FACE('',(#171),#2328,.F.);
#2416=ADVANCED_FACE('',(#172),#85,.T.);
#2417=ADVANCED_FACE('',(#173),#2329,.F.);
#2418=ADVANCED_FACE('',(#174),#86,.T.);
#2419=ADVANCED_FACE('',(#175),#2330,.F.);
#2420=ADVANCED_FACE('',(#176),#87,.T.);
#2421=ADVANCED_FACE('',(#177),#2331,.F.);
#2422=ADVANCED_FACE('',(#178),#88,.T.);
#2423=ADVANCED_FACE('',(#179),#2332,.F.);
#2424=ADVANCED_FACE('',(#180),#89,.T.);
#2425=ADVANCED_FACE('',(#181),#2333,.F.);
#2426=ADVANCED_FACE('',(#182),#90,.T.);
#2427=ADVANCED_FACE('',(#183),#2334,.F.);
#2428=ADVANCED_FACE('',(#184),#91,.T.);
#2429=ADVANCED_FACE('',(#185),#2335,.F.);
#2430=ADVANCED_FACE('',(#186),#92,.T.);
#2431=ADVANCED_FACE('',(#187),#2336,.F.);
#2432=ADVANCED_FACE('',(#188),#93,.T.);
#2433=ADVANCED_FACE('',(#189),#2337,.F.);
#2434=ADVANCED_FACE('',(#190),#94,.T.);
#2435=ADVANCED_FACE('',(#191),#2338,.F.);
#2436=ADVANCED_FACE('',(#192),#95,.T.);
#2437=ADVANCED_FACE('',(#193),#2339,.F.);
#2438=ADVANCED_FACE('',(#194),#96,.T.);
#2439=ADVANCED_FACE('',(#195),#2340,.F.);
#2440=ADVANCED_FACE('',(#196),#97,.T.);
#2441=ADVANCED_FACE('',(#197),#2341,.F.);
#2442=ADVANCED_FACE('',(#198),#98,.T.);
#2443=ADVANCED_FACE('',(#199),#2342,.F.);
#2444=ADVANCED_FACE('',(#200),#99,.T.);
#2445=ADVANCED_FACE('',(#201),#2343,.F.);
#2446=ADVANCED_FACE('',(#202),#2344,.F.);
#2447=ADVANCED_FACE('',(#203),#100,.T.);
#2448=ADVANCED_FACE('',(#204),#2345,.F.);
#2449=ADVANCED_FACE('',(#205),#101,.T.);
#2450=ADVANCED_FACE('',(#206),#2346,.F.);
#2451=ADVANCED_FACE('',(#207),#102,.T.);
#2452=ADVANCED_FACE('',(#208),#2347,.F.);
#2453=ADVANCED_FACE('',(#209),#103,.T.);
#2454=ADVANCED_FACE('',(#210),#2348,.F.);
#2455=ADVANCED_FACE('',(#211),#2349,.F.);
#2456=ADVANCED_FACE('',(#212),#2350,.F.);
#2457=ADVANCED_FACE('',(#213),#104,.T.);
#2458=ADVANCED_FACE('',(#214),#2351,.F.);
#2459=ADVANCED_FACE('',(#215),#105,.T.);
#2460=ADVANCED_FACE('',(#216),#2352,.F.);
#2461=ADVANCED_FACE('',(#217),#106,.T.);
#2462=ADVANCED_FACE('',(#218),#2353,.F.);
#2463=ADVANCED_FACE('',(#219),#107,.T.);
#2464=ADVANCED_FACE('',(#220),#2354,.F.);
#2465=ADVANCED_FACE('',(#221),#108,.T.);
#2466=ADVANCED_FACE('',(#222),#2355,.F.);
#2467=ADVANCED_FACE('',(#223),#109,.T.);
#2468=ADVANCED_FACE('',(#224),#2356,.F.);
#2469=ADVANCED_FACE('',(#225),#110,.T.);
#2470=ADVANCED_FACE('',(#226),#2357,.F.);
#2471=ADVANCED_FACE('',(#227),#111,.T.);
#2472=ADVANCED_FACE('',(#228),#2358,.F.);
#2473=ADVANCED_FACE('',(#229),#112,.T.);
#2474=ADVANCED_FACE('',(#230),#113,.T.);
#2475=ADVANCED_FACE('',(#231),#2359,.T.);
#2476=ADVANCED_FACE('',(#232),#114,.T.);
#2477=ADVANCED_FACE('',(#233),#2360,.T.);
#2478=ADVANCED_FACE('',(#234),#115,.T.);
#2479=ADVANCED_FACE('',(#235),#2361,.T.);
#2480=ADVANCED_FACE('',(#236),#116,.T.);
#2481=ADVANCED_FACE('',(#237),#2362,.T.);
#2482=ADVANCED_FACE('',(#238,#19,#20,#21,#22,#23,#24,#25,#26,#27,#28,#29,
#30,#31,#32,#33,#34,#35,#36),#117,.T.);
#2483=ADVANCED_FACE('',(#239,#37,#38,#39,#40,#41,#42,#43,#44,#45,#46,#47,
#48,#49,#50,#51,#52,#53,#54),#118,.F.);
#2484=CLOSED_SHELL('',(#2363,#2364,#2365,#2366,#2367,#2368,#2369,#2370,
#2371,#2372,#2373,#2374,#2375,#2376,#2377,#2378,#2379,#2380,#2381,#2382,
#2383,#2384,#2385,#2386,#2387,#2388,#2389,#2390,#2391,#2392,#2393,#2394,
#2395,#2396,#2397,#2398,#2399,#2400,#2401,#2402,#2403,#2404,#2405,#2406,
#2407,#2408,#2409,#2410,#2411,#2412,#2413,#2414,#2415,#2416,#2417,#2418,
#2419,#2420,#2421,#2422,#2423,#2424,#2425,#2426,#2427,#2428,#2429,#2430,
#2431,#2432,#2433,#2434,#2435,#2436,#2437,#2438,#2439,#2440,#2441,#2442,
#2443,#2444,#2445,#2446,#2447,#2448,#2449,#2450,#2451,#2452,#2453,#2454,
#2455,#2456,#2457,#2458,#2459,#2460,#2461,#2462,#2463,#2464,#2465,#2466,
#2467,#2468,#2469,#2470,#2471,#2472,#2473,#2474,#2475,#2476,#2477,#2478,
#2479,#2480,#2481,#2482,#2483));
#2485=AXIS2_PLACEMENT_3D('',#3442,#2723,#2724);
#2486=AXIS2_PLACEMENT_3D('',#3443,#2725,#2726);
#2487=AXIS2_PLACEMENT_3D('',#3444,#2727,#2728);
#2488=AXIS2_PLACEMENT_3D('',#3446,#2729,#2730);
#2489=AXIS2_PLACEMENT_3D('',#3449,#2732,#2733);
#2490=AXIS2_PLACEMENT_3D('',#3450,#2734,#2735);
#2491=AXIS2_PLACEMENT_3D('',#3459,#2740,#2741);
#2492=AXIS2_PLACEMENT_3D('',#3465,#2745,#2746);
#2493=AXIS2_PLACEMENT_3D('',#3471,#2750,#2751);
#2494=AXIS2_PLACEMENT_3D('',#3474,#2754,#2755);
#2495=AXIS2_PLACEMENT_3D('',#3483,#2760,#2761);
#2496=AXIS2_PLACEMENT_3D('',#3489,#2765,#2766);
#2497=AXIS2_PLACEMENT_3D('',#3495,#2770,#2771);
#2498=AXIS2_PLACEMENT_3D('',#3497,#2773,#2774);
#2499=AXIS2_PLACEMENT_3D('',#3507,#2780,#2781);
#2500=AXIS2_PLACEMENT_3D('',#3516,#2786,#2787);
#2501=AXIS2_PLACEMENT_3D('',#3518,#2788,#2789);
#2502=AXIS2_PLACEMENT_3D('',#3520,#2790,#2791);
#2503=AXIS2_PLACEMENT_3D('',#3522,#2793,#2794);
#2504=AXIS2_PLACEMENT_3D('',#3528,#2798,#2799);
#2505=AXIS2_PLACEMENT_3D('',#3530,#2800,#2801);
#2506=AXIS2_PLACEMENT_3D('',#3532,#2802,#2803);
#2507=AXIS2_PLACEMENT_3D('',#3534,#2805,#2806);
#2508=AXIS2_PLACEMENT_3D('',#3540,#2810,#2811);
#2509=AXIS2_PLACEMENT_3D('',#3542,#2812,#2813);
#2510=AXIS2_PLACEMENT_3D('',#3544,#2814,#2815);
#2511=AXIS2_PLACEMENT_3D('',#3546,#2817,#2818);
#2512=AXIS2_PLACEMENT_3D('',#3552,#2822,#2823);
#2513=AXIS2_PLACEMENT_3D('',#3553,#2824,#2825);
#2514=AXIS2_PLACEMENT_3D('',#3554,#2826,#2827);
#2515=AXIS2_PLACEMENT_3D('',#3555,#2828,#2829);
#2516=AXIS2_PLACEMENT_3D('',#3564,#2834,#2835);
#2517=AXIS2_PLACEMENT_3D('',#3566,#2836,#2837);
#2518=AXIS2_PLACEMENT_3D('',#3568,#2838,#2839);
#2519=AXIS2_PLACEMENT_3D('',#3570,#2841,#2842);
#2520=AXIS2_PLACEMENT_3D('',#3576,#2846,#2847);
#2521=AXIS2_PLACEMENT_3D('',#3578,#2848,#2849);
#2522=AXIS2_PLACEMENT_3D('',#3580,#2850,#2851);
#2523=AXIS2_PLACEMENT_3D('',#3582,#2853,#2854);
#2524=AXIS2_PLACEMENT_3D('',#3588,#2858,#2859);
#2525=AXIS2_PLACEMENT_3D('',#3590,#2860,#2861);
#2526=AXIS2_PLACEMENT_3D('',#3592,#2862,#2863);
#2527=AXIS2_PLACEMENT_3D('',#3594,#2865,#2866);
#2528=AXIS2_PLACEMENT_3D('',#3600,#2870,#2871);
#2529=AXIS2_PLACEMENT_3D('',#3601,#2872,#2873);
#2530=AXIS2_PLACEMENT_3D('',#3602,#2874,#2875);
#2531=AXIS2_PLACEMENT_3D('',#3603,#2876,#2877);
#2532=AXIS2_PLACEMENT_3D('',#3612,#2882,#2883);
#2533=AXIS2_PLACEMENT_3D('',#3614,#2884,#2885);
#2534=AXIS2_PLACEMENT_3D('',#3616,#2886,#2887);
#2535=AXIS2_PLACEMENT_3D('',#3618,#2889,#2890);
#2536=AXIS2_PLACEMENT_3D('',#3624,#2894,#2895);
#2537=AXIS2_PLACEMENT_3D('',#3626,#2896,#2897);
#2538=AXIS2_PLACEMENT_3D('',#3628,#2898,#2899);
#2539=AXIS2_PLACEMENT_3D('',#3630,#2901,#2902);
#2540=AXIS2_PLACEMENT_3D('',#3636,#2906,#2907);
#2541=AXIS2_PLACEMENT_3D('',#3638,#2908,#2909);
#2542=AXIS2_PLACEMENT_3D('',#3640,#2910,#2911);
#2543=AXIS2_PLACEMENT_3D('',#3642,#2913,#2914);
#2544=AXIS2_PLACEMENT_3D('',#3648,#2918,#2919);
#2545=AXIS2_PLACEMENT_3D('',#3649,#2920,#2921);
#2546=AXIS2_PLACEMENT_3D('',#3650,#2922,#2923);
#2547=AXIS2_PLACEMENT_3D('',#3651,#2924,#2925);
#2548=AXIS2_PLACEMENT_3D('',#3660,#2930,#2931);
#2549=AXIS2_PLACEMENT_3D('',#3662,#2932,#2933);
#2550=AXIS2_PLACEMENT_3D('',#3664,#2934,#2935);
#2551=AXIS2_PLACEMENT_3D('',#3666,#2937,#2938);
#2552=AXIS2_PLACEMENT_3D('',#3672,#2942,#2943);
#2553=AXIS2_PLACEMENT_3D('',#3674,#2944,#2945);
#2554=AXIS2_PLACEMENT_3D('',#3676,#2946,#2947);
#2555=AXIS2_PLACEMENT_3D('',#3678,#2949,#2950);
#2556=AXIS2_PLACEMENT_3D('',#3684,#2954,#2955);
#2557=AXIS2_PLACEMENT_3D('',#3686,#2956,#2957);
#2558=AXIS2_PLACEMENT_3D('',#3688,#2958,#2959);
#2559=AXIS2_PLACEMENT_3D('',#3690,#2961,#2962);
#2560=AXIS2_PLACEMENT_3D('',#3696,#2966,#2967);
#2561=AXIS2_PLACEMENT_3D('',#3697,#2968,#2969);
#2562=AXIS2_PLACEMENT_3D('',#3698,#2970,#2971);
#2563=AXIS2_PLACEMENT_3D('',#3699,#2972,#2973);
#2564=AXIS2_PLACEMENT_3D('',#3701,#2974,#2975);
#2565=AXIS2_PLACEMENT_3D('',#3704,#2977,#2978);
#2566=AXIS2_PLACEMENT_3D('',#3705,#2979,#2980);
#2567=AXIS2_PLACEMENT_3D('',#3714,#2985,#2986);
#2568=AXIS2_PLACEMENT_3D('',#3716,#2987,#2988);
#2569=AXIS2_PLACEMENT_3D('',#3718,#2989,#2990);
#2570=AXIS2_PLACEMENT_3D('',#3720,#2992,#2993);
#2571=AXIS2_PLACEMENT_3D('',#3726,#2997,#2998);
#2572=AXIS2_PLACEMENT_3D('',#3728,#2999,#3000);
#2573=AXIS2_PLACEMENT_3D('',#3730,#3001,#3002);
#2574=AXIS2_PLACEMENT_3D('',#3732,#3004,#3005);
#2575=AXIS2_PLACEMENT_3D('',#3738,#3009,#3010);
#2576=AXIS2_PLACEMENT_3D('',#3740,#3011,#3012);
#2577=AXIS2_PLACEMENT_3D('',#3742,#3013,#3014);
#2578=AXIS2_PLACEMENT_3D('',#3744,#3016,#3017);
#2579=AXIS2_PLACEMENT_3D('',#3750,#3021,#3022);
#2580=AXIS2_PLACEMENT_3D('',#3751,#3023,#3024);
#2581=AXIS2_PLACEMENT_3D('',#3752,#3025,#3026);
#2582=AXIS2_PLACEMENT_3D('',#3753,#3027,#3028);
#2583=AXIS2_PLACEMENT_3D('',#3762,#3033,#3034);
#2584=AXIS2_PLACEMENT_3D('',#3764,#3035,#3036);
#2585=AXIS2_PLACEMENT_3D('',#3766,#3037,#3038);
#2586=AXIS2_PLACEMENT_3D('',#3768,#3040,#3041);
#2587=AXIS2_PLACEMENT_3D('',#3774,#3045,#3046);
#2588=AXIS2_PLACEMENT_3D('',#3776,#3047,#3048);
#2589=AXIS2_PLACEMENT_3D('',#3778,#3049,#3050);
#2590=AXIS2_PLACEMENT_3D('',#3780,#3052,#3053);
#2591=AXIS2_PLACEMENT_3D('',#3786,#3057,#3058);
#2592=AXIS2_PLACEMENT_3D('',#3788,#3059,#3060);
#2593=AXIS2_PLACEMENT_3D('',#3790,#3061,#3062);
#2594=AXIS2_PLACEMENT_3D('',#3792,#3064,#3065);
#2595=AXIS2_PLACEMENT_3D('',#3798,#3069,#3070);
#2596=AXIS2_PLACEMENT_3D('',#3799,#3071,#3072);
#2597=AXIS2_PLACEMENT_3D('',#3800,#3073,#3074);
#2598=AXIS2_PLACEMENT_3D('',#3801,#3075,#3076);
#2599=AXIS2_PLACEMENT_3D('',#3810,#3081,#3082);
#2600=AXIS2_PLACEMENT_3D('',#3812,#3083,#3084);
#2601=AXIS2_PLACEMENT_3D('',#3814,#3085,#3086);
#2602=AXIS2_PLACEMENT_3D('',#3816,#3088,#3089);
#2603=AXIS2_PLACEMENT_3D('',#3822,#3093,#3094);
#2604=AXIS2_PLACEMENT_3D('',#3824,#3095,#3096);
#2605=AXIS2_PLACEMENT_3D('',#3826,#3097,#3098);
#2606=AXIS2_PLACEMENT_3D('',#3828,#3100,#3101);
#2607=AXIS2_PLACEMENT_3D('',#3834,#3105,#3106);
#2608=AXIS2_PLACEMENT_3D('',#3836,#3107,#3108);
#2609=AXIS2_PLACEMENT_3D('',#3838,#3109,#3110);
#2610=AXIS2_PLACEMENT_3D('',#3840,#3112,#3113);
#2611=AXIS2_PLACEMENT_3D('',#3846,#3117,#3118);
#2612=AXIS2_PLACEMENT_3D('',#3847,#3119,#3120);
#2613=AXIS2_PLACEMENT_3D('',#3848,#3121,#3122);
#2614=AXIS2_PLACEMENT_3D('',#3849,#3123,#3124);
#2615=AXIS2_PLACEMENT_3D('',#3858,#3129,#3130);
#2616=AXIS2_PLACEMENT_3D('',#3860,#3131,#3132);
#2617=AXIS2_PLACEMENT_3D('',#3862,#3133,#3134);
#2618=AXIS2_PLACEMENT_3D('',#3864,#3136,#3137);
#2619=AXIS2_PLACEMENT_3D('',#3870,#3141,#3142);
#2620=AXIS2_PLACEMENT_3D('',#3872,#3143,#3144);
#2621=AXIS2_PLACEMENT_3D('',#3874,#3145,#3146);
#2622=AXIS2_PLACEMENT_3D('',#3876,#3148,#3149);
#2623=AXIS2_PLACEMENT_3D('',#3882,#3153,#3154);
#2624=AXIS2_PLACEMENT_3D('',#3884,#3155,#3156);
#2625=AXIS2_PLACEMENT_3D('',#3886,#3157,#3158);
#2626=AXIS2_PLACEMENT_3D('',#3888,#3160,#3161);
#2627=AXIS2_PLACEMENT_3D('',#3894,#3165,#3166);
#2628=AXIS2_PLACEMENT_3D('',#3895,#3167,#3168);
#2629=AXIS2_PLACEMENT_3D('',#3896,#3169,#3170);
#2630=AXIS2_PLACEMENT_3D('',#3897,#3171,#3172);
#2631=AXIS2_PLACEMENT_3D('',#3906,#3177,#3178);
#2632=AXIS2_PLACEMENT_3D('',#3908,#3179,#3180);
#2633=AXIS2_PLACEMENT_3D('',#3910,#3181,#3182);
#2634=AXIS2_PLACEMENT_3D('',#3912,#3184,#3185);
#2635=AXIS2_PLACEMENT_3D('',#3918,#3189,#3190);
#2636=AXIS2_PLACEMENT_3D('',#3920,#3191,#3192);
#2637=AXIS2_PLACEMENT_3D('',#3922,#3193,#3194);
#2638=AXIS2_PLACEMENT_3D('',#3924,#3196,#3197);
#2639=AXIS2_PLACEMENT_3D('',#3930,#3201,#3202);
#2640=AXIS2_PLACEMENT_3D('',#3932,#3203,#3204);
#2641=AXIS2_PLACEMENT_3D('',#3934,#3205,#3206);
#2642=AXIS2_PLACEMENT_3D('',#3936,#3208,#3209);
#2643=AXIS2_PLACEMENT_3D('',#3942,#3213,#3214);
#2644=AXIS2_PLACEMENT_3D('',#3943,#3215,#3216);
#2645=AXIS2_PLACEMENT_3D('',#3944,#3217,#3218);
#2646=AXIS2_PLACEMENT_3D('',#3945,#3219,#3220);
#2647=AXIS2_PLACEMENT_3D('',#3947,#3221,#3222);
#2648=AXIS2_PLACEMENT_3D('',#3950,#3224,#3225);
#2649=AXIS2_PLACEMENT_3D('',#3951,#3226,#3227);
#2650=AXIS2_PLACEMENT_3D('',#3960,#3232,#3233);
#2651=AXIS2_PLACEMENT_3D('',#3962,#3234,#3235);
#2652=AXIS2_PLACEMENT_3D('',#3964,#3236,#3237);
#2653=AXIS2_PLACEMENT_3D('',#3966,#3239,#3240);
#2654=AXIS2_PLACEMENT_3D('',#3972,#3244,#3245);
#2655=AXIS2_PLACEMENT_3D('',#3974,#3246,#3247);
#2656=AXIS2_PLACEMENT_3D('',#3976,#3248,#3249);
#2657=AXIS2_PLACEMENT_3D('',#3978,#3251,#3252);
#2658=AXIS2_PLACEMENT_3D('',#3984,#3256,#3257);
#2659=AXIS2_PLACEMENT_3D('',#3986,#3258,#3259);
#2660=AXIS2_PLACEMENT_3D('',#3988,#3260,#3261);
#2661=AXIS2_PLACEMENT_3D('',#3990,#3263,#3264);
#2662=AXIS2_PLACEMENT_3D('',#3996,#3268,#3269);
#2663=AXIS2_PLACEMENT_3D('',#3997,#3270,#3271);
#2664=AXIS2_PLACEMENT_3D('',#3998,#3272,#3273);
#2665=AXIS2_PLACEMENT_3D('',#3999,#3274,#3275);
#2666=AXIS2_PLACEMENT_3D('',#4001,#3276,#3277);
#2667=AXIS2_PLACEMENT_3D('',#4004,#3279,#3280);
#2668=AXIS2_PLACEMENT_3D('',#4005,#3281,#3282);
#2669=AXIS2_PLACEMENT_3D('',#4007,#3283,#3284);
#2670=AXIS2_PLACEMENT_3D('',#4010,#3286,#3287);
#2671=AXIS2_PLACEMENT_3D('',#4011,#3288,#3289);
#2672=AXIS2_PLACEMENT_3D('',#4020,#3294,#3295);
#2673=AXIS2_PLACEMENT_3D('',#4022,#3296,#3297);
#2674=AXIS2_PLACEMENT_3D('',#4024,#3298,#3299);
#2675=AXIS2_PLACEMENT_3D('',#4026,#3301,#3302);
#2676=AXIS2_PLACEMENT_3D('',#4032,#3306,#3307);
#2677=AXIS2_PLACEMENT_3D('',#4034,#3308,#3309);
#2678=AXIS2_PLACEMENT_3D('',#4036,#3310,#3311);
#2679=AXIS2_PLACEMENT_3D('',#4038,#3313,#3314);
#2680=AXIS2_PLACEMENT_3D('',#4044,#3318,#3319);
#2681=AXIS2_PLACEMENT_3D('',#4046,#3320,#3321);
#2682=AXIS2_PLACEMENT_3D('',#4048,#3322,#3323);
#2683=AXIS2_PLACEMENT_3D('',#4050,#3325,#3326);
#2684=AXIS2_PLACEMENT_3D('',#4056,#3330,#3331);
#2685=AXIS2_PLACEMENT_3D('',#4057,#3332,#3333);
#2686=AXIS2_PLACEMENT_3D('',#4058,#3334,#3335);
#2687=AXIS2_PLACEMENT_3D('',#4059,#3336,#3337);
#2688=AXIS2_PLACEMENT_3D('',#4068,#3342,#3343);
#2689=AXIS2_PLACEMENT_3D('',#4070,#3344,#3345);
#2690=AXIS2_PLACEMENT_3D('',#4072,#3346,#3347);
#2691=AXIS2_PLACEMENT_3D('',#4074,#3349,#3350);
#2692=AXIS2_PLACEMENT_3D('',#4080,#3354,#3355);
#2693=AXIS2_PLACEMENT_3D('',#4082,#3356,#3357);
#2694=AXIS2_PLACEMENT_3D('',#4084,#3358,#3359);
#2695=AXIS2_PLACEMENT_3D('',#4086,#3361,#3362);
#2696=AXIS2_PLACEMENT_3D('',#4092,#3366,#3367);
#2697=AXIS2_PLACEMENT_3D('',#4094,#3368,#3369);
#2698=AXIS2_PLACEMENT_3D('',#4096,#3370,#3371);
#2699=AXIS2_PLACEMENT_3D('',#4098,#3373,#3374);
#2700=AXIS2_PLACEMENT_3D('',#4104,#3378,#3379);
#2701=AXIS2_PLACEMENT_3D('',#4105,#3380,#3381);
#2702=AXIS2_PLACEMENT_3D('',#4106,#3382,#3383);
#2703=AXIS2_PLACEMENT_3D('',#4107,#3384,#3385);
#2704=AXIS2_PLACEMENT_3D('',#4113,#3389,#3390);
#2705=AXIS2_PLACEMENT_3D('',#4119,#3394,#3395);
#2706=AXIS2_PLACEMENT_3D('',#4121,#3396,#3397);
#2707=AXIS2_PLACEMENT_3D('',#4123,#3398,#3399);
#2708=AXIS2_PLACEMENT_3D('',#4125,#3401,#3402);
#2709=AXIS2_PLACEMENT_3D('',#4131,#3406,#3407);
#2710=AXIS2_PLACEMENT_3D('',#4133,#3408,#3409);
#2711=AXIS2_PLACEMENT_3D('',#4135,#3410,#3411);
#2712=AXIS2_PLACEMENT_3D('',#4137,#3413,#3414);
#2713=AXIS2_PLACEMENT_3D('',#4143,#3418,#3419);
#2714=AXIS2_PLACEMENT_3D('',#4145,#3420,#3421);
#2715=AXIS2_PLACEMENT_3D('',#4147,#3422,#3423);
#2716=AXIS2_PLACEMENT_3D('',#4149,#3425,#3426);
#2717=AXIS2_PLACEMENT_3D('',#4155,#3430,#3431);
#2718=AXIS2_PLACEMENT_3D('',#4156,#3432,#3433);
#2719=AXIS2_PLACEMENT_3D('',#4157,#3434,#3435);
#2720=AXIS2_PLACEMENT_3D('',#4158,#3436,#3437);
#2721=AXIS2_PLACEMENT_3D('',#4159,#3438,#3439);
#2722=AXIS2_PLACEMENT_3D('',#4160,#3440,#3441);
#2723=DIRECTION('axis',(0.,0.,1.));
#2724=DIRECTION('refdir',(1.,0.,0.));
#2725=DIRECTION('axis',(0.,0.,1.));
#2726=DIRECTION('refdir',(1.,0.,0.));
#2727=DIRECTION('center_axis',(0.,0.,-1.));
#2728=DIRECTION('ref_axis',(-1.,0.,0.));
#2729=DIRECTION('center_axis',(5.87552661771577E-18,2.00518909889556E-16,
-1.));
#2730=DIRECTION('ref_axis',(-1.,0.,0.));
#2731=DIRECTION('',(0.,0.,-1.));
#2732=DIRECTION('center_axis',(-5.87552661771577E-18,-2.00518909889556E-16,
1.));
#2733=DIRECTION('ref_axis',(-1.,0.,0.));
#2734=DIRECTION('center_axis',(1.,0.,0.));
#2735=DIRECTION('ref_axis',(0.,-1.,0.));
#2736=DIRECTION('',(0.,-1.,-2.00518909889556E-16));
#2737=DIRECTION('',(0.,0.,-1.));
#2738=DIRECTION('',(0.,1.,2.00518909889556E-16));
#2739=DIRECTION('',(0.,0.,-1.));
#2740=DIRECTION('center_axis',(0.,1.,0.));
#2741=DIRECTION('ref_axis',(1.,0.,0.));
#2742=DIRECTION('',(1.,0.,5.87552661771577E-18));
#2743=DIRECTION('',(0.,0.,-1.));
#2744=DIRECTION('',(-1.,0.,-5.87552661771577E-18));
#2745=DIRECTION('center_axis',(-1.,0.,0.));
#2746=DIRECTION('ref_axis',(0.,1.,0.));
#2747=DIRECTION('',(0.,1.,2.00518909889556E-16));
#2748=DIRECTION('',(0.,0.,-1.));
#2749=DIRECTION('',(0.,-1.,-2.00518909889556E-16));
#2750=DIRECTION('center_axis',(0.,-1.,0.));
#2751=DIRECTION('ref_axis',(-1.,0.,0.));
#2752=DIRECTION('',(-1.,0.,-5.87552661771577E-18));
#2753=DIRECTION('',(1.,0.,5.87552661771577E-18));
#2754=DIRECTION('center_axis',(1.,0.,0.));
#2755=DIRECTION('ref_axis',(0.,1.,0.));
#2756=DIRECTION('',(0.,1.,2.00518909889556E-16));
#2757=DIRECTION('',(0.,0.,1.));
#2758=DIRECTION('',(0.,1.,0.));
#2759=DIRECTION('',(0.,0.,1.));
#2760=DIRECTION('center_axis',(0.,-1.,0.));
#2761=DIRECTION('ref_axis',(1.,0.,-1.39751360624731E-34));
#2762=DIRECTION('',(1.,0.,5.87552661771577E-18));
#2763=DIRECTION('',(0.,0.,1.));
#2764=DIRECTION('',(1.,0.,-1.39751360624731E-34));
#2765=DIRECTION('center_axis',(-1.,0.,0.));
#2766=DIRECTION('ref_axis',(0.,-1.,8.02545557450414E-35));
#2767=DIRECTION('',(0.,-1.,-2.00518909889556E-16));
#2768=DIRECTION('',(0.,0.,-1.));
#2769=DIRECTION('',(0.,-1.,8.02545557450414E-35));
#2770=DIRECTION('center_axis',(0.,0.,1.));
#2771=DIRECTION('ref_axis',(1.,0.,0.));
#2772=DIRECTION('',(-1.,1.60130445857769E-31,0.));
#2773=DIRECTION('center_axis',(1.60130445857769E-31,1.,0.));
#2774=DIRECTION('ref_axis',(-1.,1.60130445857769E-31,-5.87552661771573E-18));
#2775=DIRECTION('',(1.,-1.60130445857769E-31,5.87552661771573E-18));
#2776=DIRECTION('',(0.,0.,1.));
#2777=DIRECTION('',(-1.,1.60130445857769E-31,-5.87552661771573E-18));
#2778=DIRECTION('',(0.,0.,1.));
#2779=DIRECTION('',(1.,-1.60130445857769E-31,5.87552661771573E-18));
#2780=DIRECTION('center_axis',(1.,3.41607084500048E-16,0.));
#2781=DIRECTION('ref_axis',(-3.41607084500048E-16,1.,2.00518909889556E-16));
#2782=DIRECTION('',(-3.41607084500048E-16,1.,2.00518909889556E-16));
#2783=DIRECTION('',(0.,0.,1.));
#2784=DIRECTION('',(-3.41607084500048E-16,1.,2.00518909889556E-16));
#2785=DIRECTION('',(0.,0.,1.));
#2786=DIRECTION('center_axis',(0.,0.,1.));
#2787=DIRECTION('ref_axis',(-1.,2.22044604925034E-15,0.));
#2788=DIRECTION('center_axis',(5.87552661771575E-18,2.00518909889556E-16,
-1.));
#2789=DIRECTION('ref_axis',(-1.,2.22044604925034E-15,-5.87552661771531E-18));
#2790=DIRECTION('center_axis',(5.87552661771575E-18,2.00518909889556E-16,
-1.));
#2791=DIRECTION('ref_axis',(-1.,2.22044604925034E-15,-5.87552661771531E-18));
#2792=DIRECTION('',(0.,0.,1.));
#2793=DIRECTION('center_axis',(1.60130445857769E-31,1.,0.));
#2794=DIRECTION('ref_axis',(-1.,1.60130445857769E-31,-5.87552661771575E-18));
#2795=DIRECTION('',(-1.,1.60130445857769E-31,-5.87552661771575E-18));
#2796=DIRECTION('',(-1.,1.60130445857769E-31,-5.87552661771575E-18));
#2797=DIRECTION('',(0.,0.,1.));
#2798=DIRECTION('center_axis',(0.,0.,1.));
#2799=DIRECTION('ref_axis',(-1.58952291665358E-31,-1.,0.));
#2800=DIRECTION('center_axis',(5.87552661771575E-18,2.00518909889556E-16,
-1.));
#2801=DIRECTION('ref_axis',(-1.58952291665358E-31,-1.,-2.00518909889556E-16));
#2802=DIRECTION('center_axis',(5.87552661771575E-18,2.00518909889556E-16,
-1.));
#2803=DIRECTION('ref_axis',(-1.58952291665358E-31,-1.,-2.00518909889556E-16));
#2804=DIRECTION('',(0.,0.,1.));
#2805=DIRECTION('center_axis',(-1.,1.58952291665358E-31,0.));
#2806=DIRECTION('ref_axis',(-1.58952291665358E-31,-1.,-2.00518909889556E-16));
#2807=DIRECTION('',(-1.58952291665358E-31,-1.,-2.00518909889556E-16));
#2808=DIRECTION('',(-1.58952291665358E-31,-1.,-2.00518909889556E-16));
#2809=DIRECTION('',(0.,0.,1.));
#2810=DIRECTION('center_axis',(0.,0.,1.));
#2811=DIRECTION('ref_axis',(1.,-1.60130445857769E-31,0.));
#2812=DIRECTION('center_axis',(5.87552661771575E-18,2.00518909889556E-16,
-1.));
#2813=DIRECTION('ref_axis',(1.,-1.60130445857769E-31,5.87552661771575E-18));
#2814=DIRECTION('center_axis',(5.87552661771575E-18,2.00518909889556E-16,
-1.));
#2815=DIRECTION('ref_axis',(1.,-1.60130445857769E-31,5.87552661771575E-18));
#2816=DIRECTION('',(0.,0.,1.));
#2817=DIRECTION('center_axis',(-1.60130445857769E-31,-1.,0.));
#2818=DIRECTION('ref_axis',(1.,-1.60130445857769E-31,5.87552661771575E-18));
#2819=DIRECTION('',(1.,-1.60130445857769E-31,5.87552661771575E-18));
#2820=DIRECTION('',(1.,-1.60130445857769E-31,5.87552661771575E-18));
#2821=DIRECTION('',(0.,0.,1.));
#2822=DIRECTION('center_axis',(0.,0.,1.));
#2823=DIRECTION('ref_axis',(1.58952291665358E-31,1.,0.));
#2824=DIRECTION('center_axis',(5.87552661771575E-18,2.00518909889556E-16,
-1.));
#2825=DIRECTION('ref_axis',(1.58952291665358E-31,1.,2.00518909889556E-16));
#2826=DIRECTION('center_axis',(5.87552661771575E-18,2.00518909889556E-16,
-1.));
#2827=DIRECTION('ref_axis',(1.58952291665358E-31,1.,2.00518909889556E-16));
#2828=DIRECTION('center_axis',(-1.,1.58952291665358E-31,0.));
#2829=DIRECTION('ref_axis',(-1.58952291665358E-31,-1.,-2.00518909889556E-16));
#2830=DIRECTION('',(-1.58952291665358E-31,-1.,-2.00518909889556E-16));
#2831=DIRECTION('',(0.,0.,1.));
#2832=DIRECTION('',(-1.58952291665358E-31,-1.,-2.00518909889556E-16));
#2833=DIRECTION('',(0.,0.,1.));
#2834=DIRECTION('center_axis',(0.,0.,1.));
#2835=DIRECTION('ref_axis',(1.,-1.77635683940029E-14,0.));
#2836=DIRECTION('center_axis',(5.87552661771575E-18,2.00518909889556E-16,
-1.));
#2837=DIRECTION('ref_axis',(1.,-1.77635683940029E-14,5.87552661771219E-18));
#2838=DIRECTION('center_axis',(5.87552661771575E-18,2.00518909889556E-16,
-1.));
#2839=DIRECTION('ref_axis',(1.,-1.77635683940029E-14,5.87552661771219E-18));
#2840=DIRECTION('',(0.,0.,1.));
#2841=DIRECTION('center_axis',(-1.60130445857769E-31,-1.,0.));
#2842=DIRECTION('ref_axis',(1.,-1.60130445857769E-31,5.87552661771575E-18));
#2843=DIRECTION('',(1.,-1.60130445857769E-31,5.87552661771575E-18));
#2844=DIRECTION('',(1.,-1.60130445857769E-31,5.87552661771575E-18));
#2845=DIRECTION('',(0.,0.,1.));
#2846=DIRECTION('center_axis',(0.,0.,1.));
#2847=DIRECTION('ref_axis',(1.58952291665358E-31,1.,0.));
#2848=DIRECTION('center_axis',(5.87552661771575E-18,2.00518909889556E-16,
-1.));
#2849=DIRECTION('ref_axis',(1.58952291665358E-31,1.,2.00518909889556E-16));
#2850=DIRECTION('center_axis',(5.87552661771575E-18,2.00518909889556E-16,
-1.));
#2851=DIRECTION('ref_axis',(1.58952291665358E-31,1.,2.00518909889556E-16));
#2852=DIRECTION('',(0.,0.,1.));
#2853=DIRECTION('center_axis',(1.,-3.41607084500048E-16,0.));
#2854=DIRECTION('ref_axis',(3.41607084500048E-16,1.,2.00518909889556E-16));
#2855=DIRECTION('',(3.41607084500048E-16,1.,2.00518909889556E-16));
#2856=DIRECTION('',(3.41607084500048E-16,1.,2.00518909889556E-16));
#2857=DIRECTION('',(0.,0.,1.));
#2858=DIRECTION('center_axis',(0.,0.,1.));
#2859=DIRECTION('ref_axis',(-1.,1.60130445857769E-31,0.));
#2860=DIRECTION('center_axis',(5.87552661771575E-18,2.00518909889556E-16,
-1.));
#2861=DIRECTION('ref_axis',(-1.,1.60130445857769E-31,-5.87552661771575E-18));
#2862=DIRECTION('center_axis',(5.87552661771575E-18,2.00518909889556E-16,
-1.));
#2863=DIRECTION('ref_axis',(-1.,1.60130445857769E-31,-5.87552661771575E-18));
#2864=DIRECTION('',(0.,0.,1.));
#2865=DIRECTION('center_axis',(1.60130445857769E-31,1.,0.));
#2866=DIRECTION('ref_axis',(-1.,1.60130445857769E-31,-5.87552661771575E-18));
#2867=DIRECTION('',(-1.,1.60130445857769E-31,-5.87552661771575E-18));
#2868=DIRECTION('',(-1.,1.60130445857769E-31,-5.87552661771575E-18));
#2869=DIRECTION('',(0.,0.,1.));
#2870=DIRECTION('center_axis',(0.,0.,1.));
#2871=DIRECTION('ref_axis',(-1.58952291665358E-31,-1.,0.));
#2872=DIRECTION('center_axis',(5.87552661771575E-18,2.00518909889556E-16,
-1.));
#2873=DIRECTION('ref_axis',(-1.58952291665358E-31,-1.,-2.00518909889556E-16));
#2874=DIRECTION('center_axis',(5.87552661771575E-18,2.00518909889556E-16,
-1.));
#2875=DIRECTION('ref_axis',(-1.58952291665358E-31,-1.,-2.00518909889556E-16));
#2876=DIRECTION('center_axis',(-1.,-3.41607084500048E-16,0.));
#2877=DIRECTION('ref_axis',(3.41607084500048E-16,-1.,-2.00518909889556E-16));
#2878=DIRECTION('',(3.41607084500048E-16,-1.,-2.00518909889556E-16));
#2879=DIRECTION('',(0.,0.,1.));
#2880=DIRECTION('',(3.41607084500048E-16,-1.,-2.00518909889556E-16));
#2881=DIRECTION('',(0.,0.,1.));
#2882=DIRECTION('center_axis',(0.,0.,1.));
#2883=DIRECTION('ref_axis',(1.,-1.60130445857769E-31,0.));
#2884=DIRECTION('center_axis',(5.87552661771575E-18,2.00518909889556E-16,
-1.));
#2885=DIRECTION('ref_axis',(1.,-1.60130445857769E-31,5.87552661771575E-18));
#2886=DIRECTION('center_axis',(5.87552661771575E-18,2.00518909889556E-16,
-1.));
#2887=DIRECTION('ref_axis',(1.,-1.60130445857769E-31,5.87552661771575E-18));
#2888=DIRECTION('',(0.,0.,1.));
#2889=DIRECTION('center_axis',(-1.60130445857769E-31,-1.,0.));
#2890=DIRECTION('ref_axis',(1.,-1.60130445857769E-31,5.87552661771575E-18));
#2891=DIRECTION('',(1.,-1.60130445857769E-31,5.87552661771575E-18));
#2892=DIRECTION('',(1.,-1.60130445857769E-31,5.87552661771575E-18));
#2893=DIRECTION('',(0.,0.,1.));
#2894=DIRECTION('center_axis',(0.,0.,1.));
#2895=DIRECTION('ref_axis',(1.58952291665358E-31,1.,0.));
#2896=DIRECTION('center_axis',(5.87552661771575E-18,2.00518909889556E-16,
-1.));
#2897=DIRECTION('ref_axis',(1.58952291665358E-31,1.,2.00518909889556E-16));
#2898=DIRECTION('center_axis',(5.87552661771575E-18,2.00518909889556E-16,
-1.));
#2899=DIRECTION('ref_axis',(1.58952291665358E-31,1.,2.00518909889556E-16));
#2900=DIRECTION('',(0.,0.,1.));
#2901=DIRECTION('center_axis',(1.,-1.58952291665358E-31,0.));
#2902=DIRECTION('ref_axis',(1.58952291665358E-31,1.,2.00518909889556E-16));
#2903=DIRECTION('',(1.58952291665358E-31,1.,2.00518909889556E-16));
#2904=DIRECTION('',(1.58952291665358E-31,1.,2.00518909889556E-16));
#2905=DIRECTION('',(0.,0.,1.));
#2906=DIRECTION('center_axis',(0.,0.,1.));
#2907=DIRECTION('ref_axis',(-1.,1.60130445857769E-31,0.));
#2908=DIRECTION('center_axis',(5.87552661771575E-18,2.00518909889556E-16,
-1.));
#2909=DIRECTION('ref_axis',(-1.,1.60130445857769E-31,-5.87552661771575E-18));
#2910=DIRECTION('center_axis',(5.87552661771575E-18,2.00518909889556E-16,
-1.));
#2911=DIRECTION('ref_axis',(-1.,1.60130445857769E-31,-5.87552661771575E-18));
#2912=DIRECTION('',(0.,0.,1.));
#2913=DIRECTION('center_axis',(1.60130445857769E-31,1.,0.));
#2914=DIRECTION('ref_axis',(-1.,1.60130445857769E-31,-5.87552661771575E-18));
#2915=DIRECTION('',(-1.,1.60130445857769E-31,-5.87552661771575E-18));
#2916=DIRECTION('',(-1.,1.60130445857769E-31,-5.87552661771575E-18));
#2917=DIRECTION('',(0.,0.,1.));
#2918=DIRECTION('center_axis',(0.,0.,1.));
#2919=DIRECTION('ref_axis',(-1.58952291665358E-31,-1.,0.));
#2920=DIRECTION('center_axis',(5.87552661771575E-18,2.00518909889556E-16,
-1.));
#2921=DIRECTION('ref_axis',(-1.58952291665358E-31,-1.,-2.00518909889556E-16));
#2922=DIRECTION('center_axis',(5.87552661771575E-18,2.00518909889556E-16,
-1.));
#2923=DIRECTION('ref_axis',(-1.58952291665358E-31,-1.,-2.00518909889556E-16));
#2924=DIRECTION('center_axis',(-1.,1.58952291665358E-31,0.));
#2925=DIRECTION('ref_axis',(-1.58952291665358E-31,-1.,-2.00518909889556E-16));
#2926=DIRECTION('',(-1.58952291665358E-31,-1.,-2.00518909889556E-16));
#2927=DIRECTION('',(0.,0.,1.));
#2928=DIRECTION('',(-1.58952291665358E-31,-1.,-2.00518909889556E-16));
#2929=DIRECTION('',(0.,0.,1.));
#2930=DIRECTION('center_axis',(0.,0.,1.));
#2931=DIRECTION('ref_axis',(1.,-1.60130445857769E-31,0.));
#2932=DIRECTION('center_axis',(5.87552661771575E-18,2.00518909889556E-16,
-1.));
#2933=DIRECTION('ref_axis',(1.,-1.60130445857769E-31,5.87552661771575E-18));
#2934=DIRECTION('center_axis',(5.87552661771575E-18,2.00518909889556E-16,
-1.));
#2935=DIRECTION('ref_axis',(1.,-1.60130445857769E-31,5.87552661771575E-18));
#2936=DIRECTION('',(0.,0.,1.));
#2937=DIRECTION('center_axis',(-1.60130445857769E-31,-1.,0.));
#2938=DIRECTION('ref_axis',(1.,-1.60130445857769E-31,5.87552661771575E-18));
#2939=DIRECTION('',(1.,-1.60130445857769E-31,5.87552661771575E-18));
#2940=DIRECTION('',(1.,-1.60130445857769E-31,5.87552661771575E-18));
#2941=DIRECTION('',(0.,0.,1.));
#2942=DIRECTION('center_axis',(0.,0.,1.));
#2943=DIRECTION('ref_axis',(1.58952291665358E-31,1.,0.));
#2944=DIRECTION('center_axis',(5.87552661771575E-18,2.00518909889556E-16,
-1.));
#2945=DIRECTION('ref_axis',(1.58952291665358E-31,1.,2.00518909889556E-16));
#2946=DIRECTION('center_axis',(5.87552661771575E-18,2.00518909889556E-16,
-1.));
#2947=DIRECTION('ref_axis',(1.58952291665358E-31,1.,2.00518909889556E-16));
#2948=DIRECTION('',(0.,0.,1.));
#2949=DIRECTION('center_axis',(1.,-1.58952291665358E-31,0.));
#2950=DIRECTION('ref_axis',(1.58952291665358E-31,1.,2.00518909889556E-16));
#2951=DIRECTION('',(1.58952291665358E-31,1.,2.00518909889556E-16));
#2952=DIRECTION('',(1.58952291665358E-31,1.,2.00518909889556E-16));
#2953=DIRECTION('',(0.,0.,1.));
#2954=DIRECTION('center_axis',(0.,0.,1.));
#2955=DIRECTION('ref_axis',(-1.,1.60130445857769E-31,0.));
#2956=DIRECTION('center_axis',(5.87552661771575E-18,2.00518909889556E-16,
-1.));
#2957=DIRECTION('ref_axis',(-1.,1.60130445857769E-31,-5.87552661771575E-18));
#2958=DIRECTION('center_axis',(5.87552661771575E-18,2.00518909889556E-16,
-1.));
#2959=DIRECTION('ref_axis',(-1.,1.60130445857769E-31,-5.87552661771575E-18));
#2960=DIRECTION('',(0.,0.,1.));
#2961=DIRECTION('center_axis',(1.60130445857769E-31,1.,0.));
#2962=DIRECTION('ref_axis',(-1.,1.60130445857769E-31,-5.87552661771575E-18));
#2963=DIRECTION('',(-1.,1.60130445857769E-31,-5.87552661771575E-18));
#2964=DIRECTION('',(-1.,1.60130445857769E-31,-5.87552661771575E-18));
#2965=DIRECTION('',(0.,0.,1.));
#2966=DIRECTION('center_axis',(0.,0.,1.));
#2967=DIRECTION('ref_axis',(-1.58952291665358E-31,-1.,0.));
#2968=DIRECTION('center_axis',(5.87552661771575E-18,2.00518909889556E-16,
-1.));
#2969=DIRECTION('ref_axis',(-1.58952291665358E-31,-1.,-2.00518909889556E-16));
#2970=DIRECTION('center_axis',(5.87552661771575E-18,2.00518909889556E-16,
-1.));
#2971=DIRECTION('ref_axis',(-1.58952291665358E-31,-1.,-2.00518909889556E-16));
#2972=DIRECTION('center_axis',(0.,0.,1.));
#2973=DIRECTION('ref_axis',(-1.,1.60130445857769E-31,0.));
#2974=DIRECTION('center_axis',(5.87552661771577E-18,2.00518909889556E-16,
-1.));
#2975=DIRECTION('ref_axis',(-1.,1.60130445857769E-31,-5.87552661771577E-18));
#2976=DIRECTION('',(0.,0.,-1.));
#2977=DIRECTION('center_axis',(5.87552661771577E-18,2.00518909889556E-16,
-1.));
#2978=DIRECTION('ref_axis',(-1.,1.60130445857769E-31,-5.87552661771577E-18));
#2979=DIRECTION('center_axis',(-1.,-1.36642833800019E-15,0.));
#2980=DIRECTION('ref_axis',(1.36642833800019E-15,-1.,-2.00518909889556E-16));
#2981=DIRECTION('',(1.36642833800019E-15,-1.,-2.00518909889556E-16));
#2982=DIRECTION('',(0.,0.,1.));
#2983=DIRECTION('',(1.36642833800019E-15,-1.,-2.00518909889556E-16));
#2984=DIRECTION('',(0.,0.,1.));
#2985=DIRECTION('center_axis',(0.,0.,1.));
#2986=DIRECTION('ref_axis',(1.,-1.60130445857769E-31,0.));
#2987=DIRECTION('center_axis',(5.87552661771575E-18,2.00518909889556E-16,
-1.));
#2988=DIRECTION('ref_axis',(1.,-1.60130445857769E-31,5.87552661771575E-18));
#2989=DIRECTION('center_axis',(5.87552661771575E-18,2.00518909889556E-16,
-1.));
#2990=DIRECTION('ref_axis',(1.,-1.60130445857769E-31,5.87552661771575E-18));
#2991=DIRECTION('',(0.,0.,1.));
#2992=DIRECTION('center_axis',(-1.60130445857769E-31,-1.,0.));
#2993=DIRECTION('ref_axis',(1.,-1.60130445857769E-31,5.87552661771575E-18));
#2994=DIRECTION('',(1.,-1.60130445857769E-31,5.87552661771575E-18));
#2995=DIRECTION('',(1.,-1.60130445857769E-31,5.87552661771575E-18));
#2996=DIRECTION('',(0.,0.,1.));
#2997=DIRECTION('center_axis',(0.,0.,1.));
#2998=DIRECTION('ref_axis',(1.58952291665358E-31,1.,0.));
#2999=DIRECTION('center_axis',(5.87552661771575E-18,2.00518909889556E-16,
-1.));
#3000=DIRECTION('ref_axis',(1.58952291665358E-31,1.,2.00518909889556E-16));
#3001=DIRECTION('center_axis',(5.87552661771575E-18,2.00518909889556E-16,
-1.));
#3002=DIRECTION('ref_axis',(1.58952291665358E-31,1.,2.00518909889556E-16));
#3003=DIRECTION('',(0.,0.,1.));
#3004=DIRECTION('center_axis',(1.,-1.58952291665358E-31,0.));
#3005=DIRECTION('ref_axis',(1.58952291665358E-31,1.,2.00518909889556E-16));
#3006=DIRECTION('',(1.58952291665358E-31,1.,2.00518909889556E-16));
#3007=DIRECTION('',(1.58952291665358E-31,1.,2.00518909889556E-16));
#3008=DIRECTION('',(0.,0.,1.));
#3009=DIRECTION('center_axis',(0.,0.,1.));
#3010=DIRECTION('ref_axis',(-1.,1.60130445857769E-31,0.));
#3011=DIRECTION('center_axis',(5.87552661771575E-18,2.00518909889556E-16,
-1.));
#3012=DIRECTION('ref_axis',(-1.,1.60130445857769E-31,-5.87552661771575E-18));
#3013=DIRECTION('center_axis',(5.87552661771575E-18,2.00518909889556E-16,
-1.));
#3014=DIRECTION('ref_axis',(-1.,1.60130445857769E-31,-5.87552661771575E-18));
#3015=DIRECTION('',(0.,0.,1.));
#3016=DIRECTION('center_axis',(1.60130445857769E-31,1.,0.));
#3017=DIRECTION('ref_axis',(-1.,1.60130445857769E-31,-5.87552661771575E-18));
#3018=DIRECTION('',(-1.,1.60130445857769E-31,-5.87552661771575E-18));
#3019=DIRECTION('',(-1.,1.60130445857769E-31,-5.87552661771575E-18));
#3020=DIRECTION('',(0.,0.,1.));
#3021=DIRECTION('center_axis',(0.,0.,1.));
#3022=DIRECTION('ref_axis',(-1.58952291665358E-31,-1.,0.));
#3023=DIRECTION('center_axis',(5.87552661771575E-18,2.00518909889556E-16,
-1.));
#3024=DIRECTION('ref_axis',(-1.58952291665358E-31,-1.,-2.00518909889556E-16));
#3025=DIRECTION('center_axis',(5.87552661771575E-18,2.00518909889556E-16,
-1.));
#3026=DIRECTION('ref_axis',(-1.58952291665358E-31,-1.,-2.00518909889556E-16));
#3027=DIRECTION('center_axis',(-1.,1.58952291665358E-31,0.));
#3028=DIRECTION('ref_axis',(-1.58952291665358E-31,-1.,-2.00518909889556E-16));
#3029=DIRECTION('',(-1.58952291665358E-31,-1.,-2.00518909889556E-16));
#3030=DIRECTION('',(0.,0.,1.));
#3031=DIRECTION('',(-1.58952291665358E-31,-1.,-2.00518909889556E-16));
#3032=DIRECTION('',(0.,0.,1.));
#3033=DIRECTION('center_axis',(0.,0.,1.));
#3034=DIRECTION('ref_axis',(1.,-1.77635683940029E-14,0.));
#3035=DIRECTION('center_axis',(5.87552661771575E-18,2.00518909889556E-16,
-1.));
#3036=DIRECTION('ref_axis',(1.,-1.77635683940029E-14,5.87552661771219E-18));
#3037=DIRECTION('center_axis',(5.87552661771575E-18,2.00518909889556E-16,
-1.));
#3038=DIRECTION('ref_axis',(1.,-1.77635683940029E-14,5.87552661771219E-18));
#3039=DIRECTION('',(0.,0.,1.));
#3040=DIRECTION('center_axis',(-1.60130445857769E-31,-1.,0.));
#3041=DIRECTION('ref_axis',(1.,-1.60130445857769E-31,5.87552661771575E-18));
#3042=DIRECTION('',(1.,-1.60130445857769E-31,5.87552661771575E-18));
#3043=DIRECTION('',(1.,-1.60130445857769E-31,5.87552661771575E-18));
#3044=DIRECTION('',(0.,0.,1.));
#3045=DIRECTION('center_axis',(0.,0.,1.));
#3046=DIRECTION('ref_axis',(1.58952291665358E-31,1.,0.));
#3047=DIRECTION('center_axis',(5.87552661771575E-18,2.00518909889556E-16,
-1.));
#3048=DIRECTION('ref_axis',(1.58952291665358E-31,1.,2.00518909889556E-16));
#3049=DIRECTION('center_axis',(5.87552661771575E-18,2.00518909889556E-16,
-1.));
#3050=DIRECTION('ref_axis',(1.58952291665358E-31,1.,2.00518909889556E-16));
#3051=DIRECTION('',(0.,0.,1.));
#3052=DIRECTION('center_axis',(1.,-6.83214169000095E-16,0.));
#3053=DIRECTION('ref_axis',(6.83214169000095E-16,1.,2.00518909889556E-16));
#3054=DIRECTION('',(6.83214169000095E-16,1.,2.00518909889556E-16));
#3055=DIRECTION('',(6.83214169000095E-16,1.,2.00518909889556E-16));
#3056=DIRECTION('',(0.,0.,1.));
#3057=DIRECTION('center_axis',(0.,0.,1.));
#3058=DIRECTION('ref_axis',(-1.,1.60130445857769E-31,0.));
#3059=DIRECTION('center_axis',(5.87552661771575E-18,2.00518909889556E-16,
-1.));
#3060=DIRECTION('ref_axis',(-1.,1.60130445857769E-31,-5.87552661771575E-18));
#3061=DIRECTION('center_axis',(5.87552661771575E-18,2.00518909889556E-16,
-1.));
#3062=DIRECTION('ref_axis',(-1.,1.60130445857769E-31,-5.87552661771575E-18));
#3063=DIRECTION('',(0.,0.,1.));
#3064=DIRECTION('center_axis',(1.60130445857769E-31,1.,0.));
#3065=DIRECTION('ref_axis',(-1.,1.60130445857769E-31,-5.87552661771575E-18));
#3066=DIRECTION('',(-1.,1.60130445857769E-31,-5.87552661771575E-18));
#3067=DIRECTION('',(-1.,1.60130445857769E-31,-5.87552661771575E-18));
#3068=DIRECTION('',(0.,0.,1.));
#3069=DIRECTION('center_axis',(0.,0.,1.));
#3070=DIRECTION('ref_axis',(-1.58952291665358E-31,-1.,0.));
#3071=DIRECTION('center_axis',(5.87552661771575E-18,2.00518909889556E-16,
-1.));
#3072=DIRECTION('ref_axis',(-1.58952291665358E-31,-1.,-2.00518909889556E-16));
#3073=DIRECTION('center_axis',(5.87552661771575E-18,2.00518909889556E-16,
-1.));
#3074=DIRECTION('ref_axis',(-1.58952291665358E-31,-1.,-2.00518909889556E-16));
#3075=DIRECTION('center_axis',(-1.,1.58952291665358E-31,0.));
#3076=DIRECTION('ref_axis',(-1.58952291665358E-31,-1.,-2.00518909889556E-16));
#3077=DIRECTION('',(-1.58952291665358E-31,-1.,-2.00518909889556E-16));
#3078=DIRECTION('',(0.,0.,1.));
#3079=DIRECTION('',(-1.58952291665358E-31,-1.,-2.00518909889556E-16));
#3080=DIRECTION('',(0.,0.,1.));
#3081=DIRECTION('center_axis',(0.,0.,1.));
#3082=DIRECTION('ref_axis',(1.,-1.60130445857769E-31,0.));
#3083=DIRECTION('center_axis',(5.87552661771575E-18,2.00518909889556E-16,
-1.));
#3084=DIRECTION('ref_axis',(1.,-1.60130445857769E-31,5.87552661771575E-18));
#3085=DIRECTION('center_axis',(5.87552661771575E-18,2.00518909889556E-16,
-1.));
#3086=DIRECTION('ref_axis',(1.,-1.60130445857769E-31,5.87552661771575E-18));
#3087=DIRECTION('',(0.,0.,1.));
#3088=DIRECTION('center_axis',(-1.60130445857769E-31,-1.,0.));
#3089=DIRECTION('ref_axis',(1.,-1.60130445857769E-31,5.87552661771575E-18));
#3090=DIRECTION('',(1.,-1.60130445857769E-31,5.87552661771575E-18));
#3091=DIRECTION('',(1.,-1.60130445857769E-31,5.87552661771575E-18));
#3092=DIRECTION('',(0.,0.,1.));
#3093=DIRECTION('center_axis',(0.,0.,1.));
#3094=DIRECTION('ref_axis',(1.58952291665358E-31,1.,0.));
#3095=DIRECTION('center_axis',(5.87552661771575E-18,2.00518909889556E-16,
-1.));
#3096=DIRECTION('ref_axis',(1.58952291665358E-31,1.,2.00518909889556E-16));
#3097=DIRECTION('center_axis',(5.87552661771575E-18,2.00518909889556E-16,
-1.));
#3098=DIRECTION('ref_axis',(1.58952291665358E-31,1.,2.00518909889556E-16));
#3099=DIRECTION('',(0.,0.,1.));
#3100=DIRECTION('center_axis',(1.,-1.36642833800019E-15,0.));
#3101=DIRECTION('ref_axis',(1.36642833800019E-15,1.,2.00518909889556E-16));
#3102=DIRECTION('',(1.36642833800019E-15,1.,2.00518909889556E-16));
#3103=DIRECTION('',(1.36642833800019E-15,1.,2.00518909889556E-16));
#3104=DIRECTION('',(0.,0.,1.));
#3105=DIRECTION('center_axis',(0.,0.,1.));
#3106=DIRECTION('ref_axis',(-1.,1.60130445857769E-31,0.));
#3107=DIRECTION('center_axis',(5.87552661771575E-18,2.00518909889556E-16,
-1.));
#3108=DIRECTION('ref_axis',(-1.,1.60130445857769E-31,-5.87552661771575E-18));
#3109=DIRECTION('center_axis',(5.87552661771575E-18,2.00518909889556E-16,
-1.));
#3110=DIRECTION('ref_axis',(-1.,1.60130445857769E-31,-5.87552661771575E-18));
#3111=DIRECTION('',(0.,0.,1.));
#3112=DIRECTION('center_axis',(1.60130445857769E-31,1.,0.));
#3113=DIRECTION('ref_axis',(-1.,1.60130445857769E-31,-5.87552661771575E-18));
#3114=DIRECTION('',(-1.,1.60130445857769E-31,-5.87552661771575E-18));
#3115=DIRECTION('',(-1.,1.60130445857769E-31,-5.87552661771575E-18));
#3116=DIRECTION('',(0.,0.,1.));
#3117=DIRECTION('center_axis',(0.,0.,1.));
#3118=DIRECTION('ref_axis',(-1.58952291665358E-31,-1.,0.));
#3119=DIRECTION('center_axis',(5.87552661771575E-18,2.00518909889556E-16,
-1.));
#3120=DIRECTION('ref_axis',(-1.58952291665358E-31,-1.,-2.00518909889556E-16));
#3121=DIRECTION('center_axis',(5.87552661771575E-18,2.00518909889556E-16,
-1.));
#3122=DIRECTION('ref_axis',(-1.58952291665358E-31,-1.,-2.00518909889556E-16));
#3123=DIRECTION('center_axis',(-1.,-6.83214169000096E-16,0.));
#3124=DIRECTION('ref_axis',(6.83214169000096E-16,-1.,-2.00518909889556E-16));
#3125=DIRECTION('',(6.83214169000096E-16,-1.,-2.00518909889556E-16));
#3126=DIRECTION('',(0.,0.,1.));
#3127=DIRECTION('',(6.83214169000096E-16,-1.,-2.00518909889556E-16));
#3128=DIRECTION('',(0.,0.,1.));
#3129=DIRECTION('center_axis',(0.,0.,1.));
#3130=DIRECTION('ref_axis',(1.,-1.60130445857769E-31,0.));
#3131=DIRECTION('center_axis',(5.87552661771575E-18,2.00518909889556E-16,
-1.));
#3132=DIRECTION('ref_axis',(1.,-1.60130445857769E-31,5.87552661771575E-18));
#3133=DIRECTION('center_axis',(5.87552661771575E-18,2.00518909889556E-16,
-1.));
#3134=DIRECTION('ref_axis',(1.,-1.60130445857769E-31,5.87552661771575E-18));
#3135=DIRECTION('',(0.,0.,1.));
#3136=DIRECTION('center_axis',(-1.60130445857769E-31,-1.,0.));
#3137=DIRECTION('ref_axis',(1.,-1.60130445857769E-31,5.87552661771575E-18));
#3138=DIRECTION('',(1.,-1.60130445857769E-31,5.87552661771575E-18));
#3139=DIRECTION('',(1.,-1.60130445857769E-31,5.87552661771575E-18));
#3140=DIRECTION('',(0.,0.,1.));
#3141=DIRECTION('center_axis',(0.,0.,1.));
#3142=DIRECTION('ref_axis',(1.58952291665358E-31,1.,0.));
#3143=DIRECTION('center_axis',(5.87552661771575E-18,2.00518909889556E-16,
-1.));
#3144=DIRECTION('ref_axis',(1.58952291665358E-31,1.,2.00518909889556E-16));
#3145=DIRECTION('center_axis',(5.87552661771575E-18,2.00518909889556E-16,
-1.));
#3146=DIRECTION('ref_axis',(1.58952291665358E-31,1.,2.00518909889556E-16));
#3147=DIRECTION('',(0.,0.,1.));
#3148=DIRECTION('center_axis',(1.,-6.83214169000096E-16,0.));
#3149=DIRECTION('ref_axis',(6.83214169000096E-16,1.,2.00518909889556E-16));
#3150=DIRECTION('',(6.83214169000096E-16,1.,2.00518909889556E-16));
#3151=DIRECTION('',(6.83214169000096E-16,1.,2.00518909889556E-16));
#3152=DIRECTION('',(0.,0.,1.));
#3153=DIRECTION('center_axis',(0.,0.,1.));
#3154=DIRECTION('ref_axis',(-1.,1.60130445857769E-31,0.));
#3155=DIRECTION('center_axis',(5.87552661771575E-18,2.00518909889556E-16,
-1.));
#3156=DIRECTION('ref_axis',(-1.,1.60130445857769E-31,-5.87552661771575E-18));
#3157=DIRECTION('center_axis',(5.87552661771575E-18,2.00518909889556E-16,
-1.));
#3158=DIRECTION('ref_axis',(-1.,1.60130445857769E-31,-5.87552661771575E-18));
#3159=DIRECTION('',(0.,0.,1.));
#3160=DIRECTION('center_axis',(1.60130445857769E-31,1.,0.));
#3161=DIRECTION('ref_axis',(-1.,1.60130445857769E-31,-5.87552661771575E-18));
#3162=DIRECTION('',(-1.,1.60130445857769E-31,-5.87552661771575E-18));
#3163=DIRECTION('',(-1.,1.60130445857769E-31,-5.87552661771575E-18));
#3164=DIRECTION('',(0.,0.,1.));
#3165=DIRECTION('center_axis',(0.,0.,1.));
#3166=DIRECTION('ref_axis',(-1.58952291665358E-31,-1.,0.));
#3167=DIRECTION('center_axis',(5.87552661771575E-18,2.00518909889556E-16,
-1.));
#3168=DIRECTION('ref_axis',(-1.58952291665358E-31,-1.,-2.00518909889556E-16));
#3169=DIRECTION('center_axis',(5.87552661771575E-18,2.00518909889556E-16,
-1.));
#3170=DIRECTION('ref_axis',(-1.58952291665358E-31,-1.,-2.00518909889556E-16));
#3171=DIRECTION('center_axis',(-3.41607084500048E-16,-1.,0.));
#3172=DIRECTION('ref_axis',(1.,-3.41607084500048E-16,5.87552661771568E-18));
#3173=DIRECTION('',(1.,-3.41607084500048E-16,5.87552661771568E-18));
#3174=DIRECTION('',(0.,0.,1.));
#3175=DIRECTION('',(1.,-3.41607084500048E-16,5.87552661771568E-18));
#3176=DIRECTION('',(0.,0.,1.));
#3177=DIRECTION('center_axis',(0.,0.,1.));
#3178=DIRECTION('ref_axis',(-1.77635683940024E-14,1.,0.));
#3179=DIRECTION('center_axis',(5.87552661771575E-18,2.00518909889556E-16,
-1.));
#3180=DIRECTION('ref_axis',(-1.77635683940024E-14,1.,2.00518909889556E-16));
#3181=DIRECTION('center_axis',(5.87552661771575E-18,2.00518909889556E-16,
-1.));
#3182=DIRECTION('ref_axis',(-1.77635683940024E-14,1.,2.00518909889556E-16));
#3183=DIRECTION('',(0.,0.,1.));
#3184=DIRECTION('center_axis',(1.,-6.83214169000096E-16,0.));
#3185=DIRECTION('ref_axis',(6.83214169000096E-16,1.,2.00518909889556E-16));
#3186=DIRECTION('',(6.83214169000096E-16,1.,2.00518909889556E-16));
#3187=DIRECTION('',(6.83214169000096E-16,1.,2.00518909889556E-16));
#3188=DIRECTION('',(0.,0.,1.));
#3189=DIRECTION('center_axis',(0.,0.,1.));
#3190=DIRECTION('ref_axis',(-1.,-4.44089209850056E-15,0.));
#3191=DIRECTION('center_axis',(5.87552661771575E-18,2.00518909889556E-16,
-1.));
#3192=DIRECTION('ref_axis',(-1.,-4.44089209850056E-15,-5.87552661771664E-18));
#3193=DIRECTION('center_axis',(5.87552661771575E-18,2.00518909889556E-16,
-1.));
#3194=DIRECTION('ref_axis',(-1.,-4.44089209850056E-15,-5.87552661771664E-18));
#3195=DIRECTION('',(0.,0.,1.));
#3196=DIRECTION('center_axis',(1.60130445857769E-31,1.,0.));
#3197=DIRECTION('ref_axis',(-1.,1.60130445857769E-31,-5.87552661771575E-18));
#3198=DIRECTION('',(-1.,1.60130445857769E-31,-5.87552661771575E-18));
#3199=DIRECTION('',(-1.,1.60130445857769E-31,-5.87552661771575E-18));
#3200=DIRECTION('',(0.,0.,1.));
#3201=DIRECTION('center_axis',(0.,0.,1.));
#3202=DIRECTION('ref_axis',(-1.58952291665358E-31,-1.,0.));
#3203=DIRECTION('center_axis',(5.87552661771575E-18,2.00518909889556E-16,
-1.));
#3204=DIRECTION('ref_axis',(-1.58952291665358E-31,-1.,-2.00518909889556E-16));
#3205=DIRECTION('center_axis',(5.87552661771575E-18,2.00518909889556E-16,
-1.));
#3206=DIRECTION('ref_axis',(-1.58952291665358E-31,-1.,-2.00518909889556E-16));
#3207=DIRECTION('',(0.,0.,1.));
#3208=DIRECTION('center_axis',(-1.,1.58952291665358E-31,0.));
#3209=DIRECTION('ref_axis',(-1.58952291665358E-31,-1.,-2.00518909889556E-16));
#3210=DIRECTION('',(-1.58952291665358E-31,-1.,-2.00518909889556E-16));
#3211=DIRECTION('',(-1.58952291665358E-31,-1.,-2.00518909889556E-16));
#3212=DIRECTION('',(0.,0.,1.));
#3213=DIRECTION('center_axis',(0.,0.,1.));
#3214=DIRECTION('ref_axis',(1.,-1.60130445857769E-31,0.));
#3215=DIRECTION('center_axis',(5.87552661771575E-18,2.00518909889556E-16,
-1.));
#3216=DIRECTION('ref_axis',(1.,-1.60130445857769E-31,5.87552661771575E-18));
#3217=DIRECTION('center_axis',(5.87552661771575E-18,2.00518909889556E-16,
-1.));
#3218=DIRECTION('ref_axis',(1.,-1.60130445857769E-31,5.87552661771575E-18));
#3219=DIRECTION('center_axis',(0.,0.,1.));
#3220=DIRECTION('ref_axis',(-1.,1.60130445857769E-31,0.));
#3221=DIRECTION('center_axis',(5.87552661771577E-18,2.00518909889556E-16,
-1.));
#3222=DIRECTION('ref_axis',(-1.,1.60130445857769E-31,-5.87552661771577E-18));
#3223=DIRECTION('',(0.,0.,-1.));
#3224=DIRECTION('center_axis',(5.87552661771577E-18,2.00518909889556E-16,
-1.));
#3225=DIRECTION('ref_axis',(-1.,1.60130445857769E-31,-5.87552661771577E-18));
#3226=DIRECTION('center_axis',(-1.60130445857769E-31,-1.,0.));
#3227=DIRECTION('ref_axis',(1.,-1.60130445857769E-31,5.87552661771575E-18));
#3228=DIRECTION('',(1.,-1.60130445857769E-31,5.87552661771575E-18));
#3229=DIRECTION('',(0.,0.,1.));
#3230=DIRECTION('',(1.,-1.60130445857769E-31,5.87552661771575E-18));
#3231=DIRECTION('',(0.,0.,1.));
#3232=DIRECTION('center_axis',(0.,0.,1.));
#3233=DIRECTION('ref_axis',(1.58952291665358E-31,1.,0.));
#3234=DIRECTION('center_axis',(5.87552661771575E-18,2.00518909889556E-16,
-1.));
#3235=DIRECTION('ref_axis',(1.58952291665358E-31,1.,2.00518909889556E-16));
#3236=DIRECTION('center_axis',(5.87552661771575E-18,2.00518909889556E-16,
-1.));
#3237=DIRECTION('ref_axis',(1.58952291665358E-31,1.,2.00518909889556E-16));
#3238=DIRECTION('',(0.,0.,1.));
#3239=DIRECTION('center_axis',(1.,-6.83214169000096E-16,0.));
#3240=DIRECTION('ref_axis',(6.83214169000096E-16,1.,2.00518909889556E-16));
#3241=DIRECTION('',(6.83214169000096E-16,1.,2.00518909889556E-16));
#3242=DIRECTION('',(6.83214169000096E-16,1.,2.00518909889556E-16));
#3243=DIRECTION('',(0.,0.,1.));
#3244=DIRECTION('center_axis',(0.,0.,1.));
#3245=DIRECTION('ref_axis',(-1.,1.60130445857769E-31,0.));
#3246=DIRECTION('center_axis',(5.87552661771575E-18,2.00518909889556E-16,
-1.));
#3247=DIRECTION('ref_axis',(-1.,1.60130445857769E-31,-5.87552661771575E-18));
#3248=DIRECTION('center_axis',(5.87552661771575E-18,2.00518909889556E-16,
-1.));
#3249=DIRECTION('ref_axis',(-1.,1.60130445857769E-31,-5.87552661771575E-18));
#3250=DIRECTION('',(0.,0.,1.));
#3251=DIRECTION('center_axis',(1.60130445857769E-31,1.,0.));
#3252=DIRECTION('ref_axis',(-1.,1.60130445857769E-31,-5.87552661771575E-18));
#3253=DIRECTION('',(-1.,1.60130445857769E-31,-5.87552661771575E-18));
#3254=DIRECTION('',(-1.,1.60130445857769E-31,-5.87552661771575E-18));
#3255=DIRECTION('',(0.,0.,1.));
#3256=DIRECTION('center_axis',(0.,0.,1.));
#3257=DIRECTION('ref_axis',(-1.58952291665358E-31,-1.,0.));
#3258=DIRECTION('center_axis',(5.87552661771575E-18,2.00518909889556E-16,
-1.));
#3259=DIRECTION('ref_axis',(-1.58952291665358E-31,-1.,-2.00518909889556E-16));
#3260=DIRECTION('center_axis',(5.87552661771575E-18,2.00518909889556E-16,
-1.));
#3261=DIRECTION('ref_axis',(-1.58952291665358E-31,-1.,-2.00518909889556E-16));
#3262=DIRECTION('',(0.,0.,1.));
#3263=DIRECTION('center_axis',(-1.,-2.73285667600039E-15,0.));
#3264=DIRECTION('ref_axis',(2.73285667600039E-15,-1.,-2.00518909889556E-16));
#3265=DIRECTION('',(2.73285667600039E-15,-1.,-2.00518909889556E-16));
#3266=DIRECTION('',(2.73285667600039E-15,-1.,-2.00518909889556E-16));
#3267=DIRECTION('',(0.,0.,1.));
#3268=DIRECTION('center_axis',(0.,0.,1.));
#3269=DIRECTION('ref_axis',(1.,-1.77635683940029E-14,0.));
#3270=DIRECTION('center_axis',(5.87552661771575E-18,2.00518909889556E-16,
-1.));
#3271=DIRECTION('ref_axis',(1.,-1.77635683940029E-14,5.87552661771219E-18));
#3272=DIRECTION('center_axis',(5.87552661771575E-18,2.00518909889556E-16,
-1.));
#3273=DIRECTION('ref_axis',(1.,-1.77635683940029E-14,5.87552661771219E-18));
#3274=DIRECTION('center_axis',(0.,0.,1.));
#3275=DIRECTION('ref_axis',(-1.,1.60130445857769E-31,0.));
#3276=DIRECTION('center_axis',(5.87552661771577E-18,2.00518909889556E-16,
-1.));
#3277=DIRECTION('ref_axis',(-1.,1.60130445857769E-31,-5.87552661771577E-18));
#3278=DIRECTION('',(0.,0.,-1.));
#3279=DIRECTION('center_axis',(5.87552661771577E-18,2.00518909889556E-16,
-1.));
#3280=DIRECTION('ref_axis',(-1.,1.60130445857769E-31,-5.87552661771577E-18));
#3281=DIRECTION('center_axis',(0.,0.,1.));
#3282=DIRECTION('ref_axis',(-1.,1.60130445857769E-31,0.));
#3283=DIRECTION('center_axis',(5.87552661771577E-18,2.00518909889556E-16,
-1.));
#3284=DIRECTION('ref_axis',(-1.,1.60130445857769E-31,-5.87552661771577E-18));
#3285=DIRECTION('',(0.,0.,-1.));
#3286=DIRECTION('center_axis',(5.87552661771577E-18,2.00518909889556E-16,
-1.));
#3287=DIRECTION('ref_axis',(-1.,1.60130445857769E-31,-5.87552661771577E-18));
#3288=DIRECTION('center_axis',(1.,-1.58952291665358E-31,0.));
#3289=DIRECTION('ref_axis',(1.58952291665358E-31,1.,2.00518909889556E-16));
#3290=DIRECTION('',(1.58952291665358E-31,1.,2.00518909889556E-16));
#3291=DIRECTION('',(0.,0.,1.));
#3292=DIRECTION('',(1.58952291665358E-31,1.,2.00518909889556E-16));
#3293=DIRECTION('',(0.,0.,1.));
#3294=DIRECTION('center_axis',(0.,0.,1.));
#3295=DIRECTION('ref_axis',(-1.,1.60130445857769E-31,0.));
#3296=DIRECTION('center_axis',(5.87552661771575E-18,2.00518909889556E-16,
-1.));
#3297=DIRECTION('ref_axis',(-1.,1.60130445857769E-31,-5.87552661771575E-18));
#3298=DIRECTION('center_axis',(5.87552661771575E-18,2.00518909889556E-16,
-1.));
#3299=DIRECTION('ref_axis',(-1.,1.60130445857769E-31,-5.87552661771575E-18));
#3300=DIRECTION('',(0.,0.,1.));
#3301=DIRECTION('center_axis',(1.60130445857769E-31,1.,0.));
#3302=DIRECTION('ref_axis',(-1.,1.60130445857769E-31,-5.87552661771575E-18));
#3303=DIRECTION('',(-1.,1.60130445857769E-31,-5.87552661771575E-18));
#3304=DIRECTION('',(-1.,1.60130445857769E-31,-5.87552661771575E-18));
#3305=DIRECTION('',(0.,0.,1.));
#3306=DIRECTION('center_axis',(0.,0.,1.));
#3307=DIRECTION('ref_axis',(-1.58952291665358E-31,-1.,0.));
#3308=DIRECTION('center_axis',(5.87552661771575E-18,2.00518909889556E-16,
-1.));
#3309=DIRECTION('ref_axis',(-1.58952291665358E-31,-1.,-2.00518909889556E-16));
#3310=DIRECTION('center_axis',(5.87552661771575E-18,2.00518909889556E-16,
-1.));
#3311=DIRECTION('ref_axis',(-1.58952291665358E-31,-1.,-2.00518909889556E-16));
#3312=DIRECTION('',(0.,0.,1.));
#3313=DIRECTION('center_axis',(-1.,1.58952291665358E-31,0.));
#3314=DIRECTION('ref_axis',(-1.58952291665358E-31,-1.,-2.00518909889556E-16));
#3315=DIRECTION('',(-1.58952291665358E-31,-1.,-2.00518909889556E-16));
#3316=DIRECTION('',(-1.58952291665358E-31,-1.,-2.00518909889556E-16));
#3317=DIRECTION('',(0.,0.,1.));
#3318=DIRECTION('center_axis',(0.,0.,1.));
#3319=DIRECTION('ref_axis',(1.,-1.60130445857769E-31,0.));
#3320=DIRECTION('center_axis',(5.87552661771575E-18,2.00518909889556E-16,
-1.));
#3321=DIRECTION('ref_axis',(1.,-1.60130445857769E-31,5.87552661771575E-18));
#3322=DIRECTION('center_axis',(5.87552661771575E-18,2.00518909889556E-16,
-1.));
#3323=DIRECTION('ref_axis',(1.,-1.60130445857769E-31,5.87552661771575E-18));
#3324=DIRECTION('',(0.,0.,1.));
#3325=DIRECTION('center_axis',(-1.60130445857769E-31,-1.,0.));
#3326=DIRECTION('ref_axis',(1.,-1.60130445857769E-31,5.87552661771575E-18));
#3327=DIRECTION('',(1.,-1.60130445857769E-31,5.87552661771575E-18));
#3328=DIRECTION('',(1.,-1.60130445857769E-31,5.87552661771575E-18));
#3329=DIRECTION('',(0.,0.,1.));
#3330=DIRECTION('center_axis',(0.,0.,1.));
#3331=DIRECTION('ref_axis',(4.44089209850064E-15,1.,0.));
#3332=DIRECTION('center_axis',(5.87552661771575E-18,2.00518909889556E-16,
-1.));
#3333=DIRECTION('ref_axis',(4.44089209850064E-15,1.,2.00518909889556E-16));
#3334=DIRECTION('center_axis',(5.87552661771575E-18,2.00518909889556E-16,
-1.));
#3335=DIRECTION('ref_axis',(4.44089209850064E-15,1.,2.00518909889556E-16));
#3336=DIRECTION('center_axis',(1.60130445857769E-31,1.,0.));
#3337=DIRECTION('ref_axis',(-1.,1.60130445857769E-31,-5.87552661771575E-18));
#3338=DIRECTION('',(-1.,1.60130445857769E-31,-5.87552661771575E-18));
#3339=DIRECTION('',(0.,0.,1.));
#3340=DIRECTION('',(-1.,1.60130445857769E-31,-5.87552661771575E-18));
#3341=DIRECTION('',(0.,0.,1.));
#3342=DIRECTION('center_axis',(0.,0.,1.));
#3343=DIRECTION('ref_axis',(-8.88178419700128E-15,-1.,0.));
#3344=DIRECTION('center_axis',(5.87552661771575E-18,2.00518909889556E-16,
-1.));
#3345=DIRECTION('ref_axis',(-8.88178419700128E-15,-1.,-2.00518909889556E-16));
#3346=DIRECTION('center_axis',(5.87552661771575E-18,2.00518909889556E-16,
-1.));
#3347=DIRECTION('ref_axis',(-8.88178419700128E-15,-1.,-2.00518909889556E-16));
#3348=DIRECTION('',(0.,0.,1.));
#3349=DIRECTION('center_axis',(-1.,1.58952291665358E-31,0.));
#3350=DIRECTION('ref_axis',(-1.58952291665358E-31,-1.,-2.00518909889556E-16));
#3351=DIRECTION('',(-1.58952291665358E-31,-1.,-2.00518909889556E-16));
#3352=DIRECTION('',(-1.58952291665358E-31,-1.,-2.00518909889556E-16));
#3353=DIRECTION('',(0.,0.,1.));
#3354=DIRECTION('center_axis',(0.,0.,1.));
#3355=DIRECTION('ref_axis',(1.,-1.60130445857769E-31,0.));
#3356=DIRECTION('center_axis',(5.87552661771575E-18,2.00518909889556E-16,
-1.));
#3357=DIRECTION('ref_axis',(1.,-1.60130445857769E-31,5.87552661771575E-18));
#3358=DIRECTION('center_axis',(5.87552661771575E-18,2.00518909889556E-16,
-1.));
#3359=DIRECTION('ref_axis',(1.,-1.60130445857769E-31,5.87552661771575E-18));
#3360=DIRECTION('',(0.,0.,1.));
#3361=DIRECTION('center_axis',(-1.60130445857769E-31,-1.,0.));
#3362=DIRECTION('ref_axis',(1.,-1.60130445857769E-31,5.87552661771575E-18));
#3363=DIRECTION('',(1.,-1.60130445857769E-31,5.87552661771575E-18));
#3364=DIRECTION('',(1.,-1.60130445857769E-31,5.87552661771575E-18));
#3365=DIRECTION('',(0.,0.,1.));
#3366=DIRECTION('center_axis',(0.,0.,1.));
#3367=DIRECTION('ref_axis',(6.66133814775096E-15,1.,0.));
#3368=DIRECTION('center_axis',(5.87552661771575E-18,2.00518909889556E-16,
-1.));
#3369=DIRECTION('ref_axis',(6.66133814775096E-15,1.,2.00518909889556E-16));
#3370=DIRECTION('center_axis',(5.87552661771575E-18,2.00518909889556E-16,
-1.));
#3371=DIRECTION('ref_axis',(6.66133814775096E-15,1.,2.00518909889556E-16));
#3372=DIRECTION('',(0.,0.,1.));
#3373=DIRECTION('center_axis',(1.,8.54017711250118E-17,0.));
#3374=DIRECTION('ref_axis',(-8.54017711250118E-17,1.,2.00518909889556E-16));
#3375=DIRECTION('',(-8.54017711250118E-17,1.,2.00518909889556E-16));
#3376=DIRECTION('',(-8.54017711250118E-17,1.,2.00518909889556E-16));
#3377=DIRECTION('',(0.,0.,1.));
#3378=DIRECTION('center_axis',(0.,0.,1.));
#3379=DIRECTION('ref_axis',(-1.,1.60130445857769E-31,0.));
#3380=DIRECTION('center_axis',(5.87552661771575E-18,2.00518909889556E-16,
-1.));
#3381=DIRECTION('ref_axis',(-1.,1.60130445857769E-31,-5.87552661771575E-18));
#3382=DIRECTION('center_axis',(5.87552661771575E-18,2.00518909889556E-16,
-1.));
#3383=DIRECTION('ref_axis',(-1.,1.60130445857769E-31,-5.87552661771575E-18));
#3384=DIRECTION('center_axis',(6.56769152402943E-9,1.,0.));
#3385=DIRECTION('ref_axis',(-1.,6.56769152402943E-9,1.70331478029418E-17));
#3386=DIRECTION('',(-1.,6.56769152402943E-9,1.70331478029418E-17));
#3387=DIRECTION('',(0.,0.,1.));
#3388=DIRECTION('',(-1.,6.56769152402943E-9,1.70331478029418E-17));
#3389=DIRECTION('center_axis',(-1.06284447299909E-8,1.,0.));
#3390=DIRECTION('ref_axis',(-1.,-1.06284447299909E-8,-4.29484584121635E-17));
#3391=DIRECTION('',(-1.,-1.06284447299909E-8,-4.29484584121635E-17));
#3392=DIRECTION('',(-1.,-1.06284447299909E-8,-4.29484584121635E-17));
#3393=DIRECTION('',(0.,0.,1.));
#3394=DIRECTION('center_axis',(0.,0.,1.));
#3395=DIRECTION('ref_axis',(1.,3.55271367880049E-15,0.));
#3396=DIRECTION('center_axis',(2.16169078307315E-16,-2.00518909889555E-16,
1.));
#3397=DIRECTION('ref_axis',(1.,3.55271367880049E-15,-2.16169078307314E-16));
#3398=DIRECTION('center_axis',(2.16169078307315E-16,-2.00518909889555E-16,
1.));
#3399=DIRECTION('ref_axis',(1.,3.55271367880049E-15,-2.16169078307314E-16));
#3400=DIRECTION('',(0.,0.,1.));
#3401=DIRECTION('center_axis',(1.,-1.59020956348861E-31,0.));
#3402=DIRECTION('ref_axis',(1.59020956348861E-31,1.,1.88832351735607E-16));
#3403=DIRECTION('',(1.59020956348861E-31,1.,1.88832351735607E-16));
#3404=DIRECTION('',(1.59020956348861E-31,1.,1.88832351735607E-16));
#3405=DIRECTION('',(0.,0.,1.));
#3406=DIRECTION('center_axis',(0.,0.,1.));
#3407=DIRECTION('ref_axis',(3.55271367880049E-15,-1.,0.));
#3408=DIRECTION('center_axis',(-5.87552661771577E-18,-2.00518909889555E-16,
1.));
#3409=DIRECTION('ref_axis',(3.55271367880049E-15,-1.,-2.00518909889555E-16));
#3410=DIRECTION('center_axis',(-5.87552661771577E-18,-2.00518909889555E-16,
1.));
#3411=DIRECTION('ref_axis',(3.55271367880049E-15,-1.,-2.00518909889555E-16));
#3412=DIRECTION('',(0.,0.,1.));
#3413=DIRECTION('center_axis',(-1.60130445857769E-31,-1.,0.));
#3414=DIRECTION('ref_axis',(1.,-1.60130445857769E-31,5.87552661771577E-18));
#3415=DIRECTION('',(1.,-1.60130445857769E-31,5.87552661771577E-18));
#3416=DIRECTION('',(1.,-1.60130445857769E-31,5.87552661771577E-18));
#3417=DIRECTION('',(0.,0.,1.));
#3418=DIRECTION('center_axis',(0.,0.,1.));
#3419=DIRECTION('ref_axis',(-1.,-4.44089209850062E-16,0.));
#3420=DIRECTION('center_axis',(-5.87552661771575E-18,-2.00518909889556E-16,
1.));
#3421=DIRECTION('ref_axis',(-1.,-4.44089209850062E-16,-5.87552661771584E-18));
#3422=DIRECTION('center_axis',(-5.87552661771575E-18,-2.00518909889556E-16,
1.));
#3423=DIRECTION('ref_axis',(-1.,-4.44089209850062E-16,-5.87552661771584E-18));
#3424=DIRECTION('',(0.,0.,1.));
#3425=DIRECTION('center_axis',(-1.,8.18059070776433E-17,0.));
#3426=DIRECTION('ref_axis',(-8.18059070776433E-17,-1.,-2.00518909889556E-16));
#3427=DIRECTION('',(-8.18059070776433E-17,-1.,-2.00518909889556E-16));
#3428=DIRECTION('',(-8.18059070776433E-17,-1.,-2.00518909889556E-16));
#3429=DIRECTION('',(0.,0.,1.));
#3430=DIRECTION('center_axis',(0.,0.,1.));
#3431=DIRECTION('ref_axis',(-3.33066907387547E-15,1.,0.));
#3432=DIRECTION('center_axis',(-5.87552661771577E-18,-2.00518909889556E-16,
1.));
#3433=DIRECTION('ref_axis',(-3.33066907387547E-15,1.,2.00518909889555E-16));
#3434=DIRECTION('center_axis',(-5.87552661771577E-18,-2.00518909889556E-16,
1.));
#3435=DIRECTION('ref_axis',(-3.33066907387547E-15,1.,2.00518909889555E-16));
#3436=DIRECTION('center_axis',(-5.87552661771577E-18,-2.00518909889556E-16,
1.));
#3437=DIRECTION('ref_axis',(-1.,1.60130445857769E-31,-5.87552661771577E-18));
#3438=DIRECTION('center_axis',(-5.87552661771577E-18,-2.00518909889556E-16,
1.));
#3439=DIRECTION('ref_axis',(-1.,1.60130445857769E-31,-5.87552661771577E-18));
#3440=DIRECTION('',(0.,0.,1.));
#3441=DIRECTION('',(1.,5.55111512312578E-17,0.));
#3442=CARTESIAN_POINT('',(0.,0.,0.));
#3443=CARTESIAN_POINT('',(0.,0.,0.));
#3444=CARTESIAN_POINT('Origin',(73.9881523315334,72.8961966488486,17.37));
#3445=CARTESIAN_POINT('',(78.2381523315334,72.8961966488486,17.37));
#3446=CARTESIAN_POINT('Origin',(73.9881523315334,72.8961966488486,17.37));
#3447=CARTESIAN_POINT('',(78.2381523315334,72.8961966488486,15.87));
#3448=CARTESIAN_POINT('',(78.2381523315334,72.8961966488486,17.37));
#3449=CARTESIAN_POINT('Origin',(73.9881523315334,72.8961966488486,15.87));
#3450=CARTESIAN_POINT('Origin',(37.6331523315333,77.2135412402958,17.37));
#3451=CARTESIAN_POINT('',(37.6331523315333,77.2135412402958,17.37));
#3452=CARTESIAN_POINT('',(37.6331523315333,66.7688520574018,17.37));
#3453=CARTESIAN_POINT('',(37.6331523315333,59.6067706201479,17.37));
#3454=CARTESIAN_POINT('',(37.6331523315333,77.2135412402958,15.87));
#3455=CARTESIAN_POINT('',(37.6331523315333,77.2135412402958,17.37));
#3456=CARTESIAN_POINT('',(37.6331523315333,66.7688520574018,15.87));
#3457=CARTESIAN_POINT('',(37.6331523315333,59.6067706201479,15.87));
#3458=CARTESIAN_POINT('',(37.6331523315333,66.7688520574018,17.37));
#3459=CARTESIAN_POINT('Origin',(5.03315233153344,77.2135412402958,17.37));
#3460=CARTESIAN_POINT('',(5.03315233153344,77.2135412402958,17.37));
#3461=CARTESIAN_POINT('',(24.4940761657667,77.2135412402958,17.37));
#3462=CARTESIAN_POINT('',(5.03315233153344,77.2135412402958,15.87));
#3463=CARTESIAN_POINT('',(5.03315233153344,77.2135412402958,17.37));
#3464=CARTESIAN_POINT('',(24.4940761657667,77.2135412402958,15.87));
#3465=CARTESIAN_POINT('Origin',(5.03315233153344,66.7688520574018,17.37));
#3466=CARTESIAN_POINT('',(5.03315233153344,66.7688520574018,17.37));
#3467=CARTESIAN_POINT('',(5.03315233153344,54.3844260287009,17.37));
#3468=CARTESIAN_POINT('',(5.03315233153344,66.7688520574018,15.87));
#3469=CARTESIAN_POINT('',(5.03315233153344,66.7688520574018,17.37));
#3470=CARTESIAN_POINT('',(5.03315233153344,54.3844260287009,15.87));
#3471=CARTESIAN_POINT('Origin',(37.6331523315333,66.7688520574018,17.37));
#3472=CARTESIAN_POINT('',(40.7940761657667,66.7688520574018,17.37));
#3473=CARTESIAN_POINT('',(40.7940761657667,66.7688520574018,15.87));
#3474=CARTESIAN_POINT('Origin',(62.4551383699263,62.3000009536743,15.87));
#3475=CARTESIAN_POINT('',(62.4551383699263,62.3000009536743,15.87));
#3476=CARTESIAN_POINT('',(62.4551383699263,94.4999996817099,15.87));
#3477=CARTESIAN_POINT('',(62.4551383699263,52.1500004768371,15.87));
#3478=CARTESIAN_POINT('',(62.4551383699263,62.3000009536743,16.57));
#3479=CARTESIAN_POINT('',(62.4551383699263,62.3000009536743,15.87));
#3480=CARTESIAN_POINT('',(62.4551383699263,94.4999996817099,16.57));
#3481=CARTESIAN_POINT('',(62.4551383699263,62.3000009536743,16.57));
#3482=CARTESIAN_POINT('',(62.4551383699263,94.4999996817099,15.87));
#3483=CARTESIAN_POINT('Origin',(43.9637506556511,62.3000009536743,15.87));
#3484=CARTESIAN_POINT('',(43.9637506556511,62.3000009536743,15.87));
#3485=CARTESIAN_POINT('',(43.9593753278256,62.3000009536743,15.87));
#3486=CARTESIAN_POINT('',(43.9637506556511,62.3000009536743,16.57));
#3487=CARTESIAN_POINT('',(43.9637506556511,62.3000009536743,15.87));
#3488=CARTESIAN_POINT('',(43.9637506556511,62.3000009536743,16.57));
#3489=CARTESIAN_POINT('Origin',(43.9637506556511,94.4999996817099,15.87));
#3490=CARTESIAN_POINT('',(43.9637506556511,94.4999996817099,15.87));
#3491=CARTESIAN_POINT('',(43.9637506556511,68.249999840855,15.87));
#3492=CARTESIAN_POINT('',(43.9637506556511,94.4999996817099,16.57));
#3493=CARTESIAN_POINT('',(43.9637506556511,94.4999996817099,15.87));
#3494=CARTESIAN_POINT('',(43.9637506556511,94.4999996817099,16.57));
#3495=CARTESIAN_POINT('Origin',(53.2094445127887,78.4000003176921,16.57));
#3496=CARTESIAN_POINT('',(57.8362222563944,94.4999996817099,16.57));
#3497=CARTESIAN_POINT('Origin',(62.463,94.4999996817099,15.87));
#3498=CARTESIAN_POINT('',(43.963,94.4999996817099,15.87));
#3499=CARTESIAN_POINT('',(43.963,94.4999996817099,15.87));
#3500=CARTESIAN_POINT('',(43.963,94.4999996817099,17.37));
#3501=CARTESIAN_POINT('',(43.963,94.4999996817099,15.87));
#3502=CARTESIAN_POINT('',(62.463,94.4999996817099,17.37));
#3503=CARTESIAN_POINT('',(43.963,94.4999996817099,17.37));
#3504=CARTESIAN_POINT('',(62.463,94.4999996817099,15.87));
#3505=CARTESIAN_POINT('',(62.463,94.4999996817099,15.87));
#3506=CARTESIAN_POINT('',(43.963,94.4999996817099,15.87));
#3507=CARTESIAN_POINT('Origin',(26.573152331534,8.63369664884866,15.87));
#3508=CARTESIAN_POINT('',(26.573152331534,8.63369664884866,15.87));
#3509=CARTESIAN_POINT('',(26.5731523315339,21.6336966488487,15.87));
#3510=CARTESIAN_POINT('',(26.5731523315339,21.6336966488487,15.87));
#3511=CARTESIAN_POINT('',(26.5731523315339,21.6336966488487,17.37));
#3512=CARTESIAN_POINT('',(26.5731523315339,21.6336966488487,15.87));
#3513=CARTESIAN_POINT('',(26.573152331534,8.63369664884866,17.37));
#3514=CARTESIAN_POINT('',(26.5731523315339,21.6336966488487,17.37));
#3515=CARTESIAN_POINT('',(26.573152331534,8.63369664884866,15.87));
#3516=CARTESIAN_POINT('Origin',(27.0731523315339,8.63369664884866,15.87));
#3517=CARTESIAN_POINT('',(27.0731523315339,8.13369664884867,15.87));
#3518=CARTESIAN_POINT('Origin',(27.0731523315339,8.63369664884866,15.87));
#3519=CARTESIAN_POINT('',(27.0731523315339,8.13369664884867,17.37));
#3520=CARTESIAN_POINT('Origin',(27.0731523315339,8.63369664884866,17.37));
#3521=CARTESIAN_POINT('',(27.0731523315339,8.13369664884867,15.87));
#3522=CARTESIAN_POINT('Origin',(40.073152331534,8.13369664884866,15.87));
#3523=CARTESIAN_POINT('',(40.073152331534,8.13369664884866,15.87));
#3524=CARTESIAN_POINT('',(27.0731523315339,8.13369664884866,15.87));
#3525=CARTESIAN_POINT('',(40.073152331534,8.13369664884866,17.37));
#3526=CARTESIAN_POINT('',(27.0731523315339,8.13369664884866,17.37));
#3527=CARTESIAN_POINT('',(40.073152331534,8.13369664884866,15.87));
#3528=CARTESIAN_POINT('Origin',(40.073152331534,8.63369664884866,15.87));
#3529=CARTESIAN_POINT('',(40.573152331534,8.63369664884866,15.87));
#3530=CARTESIAN_POINT('Origin',(40.073152331534,8.63369664884866,15.87));
#3531=CARTESIAN_POINT('',(40.573152331534,8.63369664884866,17.37));
#3532=CARTESIAN_POINT('Origin',(40.073152331534,8.63369664884866,17.37));
#3533=CARTESIAN_POINT('',(40.573152331534,8.63369664884866,15.87));
#3534=CARTESIAN_POINT('Origin',(40.573152331534,21.6336966488487,15.87));
#3535=CARTESIAN_POINT('',(40.573152331534,21.6336966488487,15.87));
#3536=CARTESIAN_POINT('',(40.573152331534,8.63369664884866,15.87));
#3537=CARTESIAN_POINT('',(40.573152331534,21.6336966488487,17.37));
#3538=CARTESIAN_POINT('',(40.573152331534,8.63369664884866,17.37));
#3539=CARTESIAN_POINT('',(40.573152331534,21.6336966488487,15.87));
#3540=CARTESIAN_POINT('Origin',(40.073152331534,21.6336966488487,15.87));
#3541=CARTESIAN_POINT('',(40.073152331534,22.1336966488487,15.87));
#3542=CARTESIAN_POINT('Origin',(40.073152331534,21.6336966488487,15.87));
#3543=CARTESIAN_POINT('',(40.073152331534,22.1336966488487,17.37));
#3544=CARTESIAN_POINT('Origin',(40.073152331534,21.6336966488487,17.37));
#3545=CARTESIAN_POINT('',(40.073152331534,22.1336966488487,15.87));
#3546=CARTESIAN_POINT('Origin',(27.0731523315339,22.1336966488487,15.87));
#3547=CARTESIAN_POINT('',(27.0731523315339,22.1336966488487,15.87));
#3548=CARTESIAN_POINT('',(40.073152331534,22.1336966488487,15.87));
#3549=CARTESIAN_POINT('',(27.0731523315339,22.1336966488487,17.37));
#3550=CARTESIAN_POINT('',(40.073152331534,22.1336966488487,17.37));
#3551=CARTESIAN_POINT('',(27.0731523315339,22.1336966488487,15.87));
#3552=CARTESIAN_POINT('Origin',(27.0731523315339,21.6336966488487,15.87));
#3553=CARTESIAN_POINT('Origin',(27.0731523315339,21.6336966488487,15.87));
#3554=CARTESIAN_POINT('Origin',(27.0731523315339,21.6336966488487,17.37));
#3555=CARTESIAN_POINT('Origin',(40.5731523315338,59.7336966488486,15.87));
#3556=CARTESIAN_POINT('',(40.5731523315338,59.7336966488486,15.87));
#3557=CARTESIAN_POINT('',(40.5731523315338,46.7336966488486,15.87));
#3558=CARTESIAN_POINT('',(40.5731523315338,59.7336966488486,15.87));
#3559=CARTESIAN_POINT('',(40.5731523315338,46.7336966488486,17.37));
#3560=CARTESIAN_POINT('',(40.5731523315338,46.7336966488486,15.87));
#3561=CARTESIAN_POINT('',(40.5731523315338,59.7336966488486,17.37));
#3562=CARTESIAN_POINT('',(40.5731523315338,59.7336966488486,17.37));
#3563=CARTESIAN_POINT('',(40.5731523315338,59.7336966488486,15.87));
#3564=CARTESIAN_POINT('Origin',(40.0731523315338,59.7336966488486,15.87));
#3565=CARTESIAN_POINT('',(40.0731523315338,60.2336966488486,15.87));
#3566=CARTESIAN_POINT('Origin',(40.0731523315338,59.7336966488486,15.87));
#3567=CARTESIAN_POINT('',(40.0731523315338,60.2336966488486,17.37));
#3568=CARTESIAN_POINT('Origin',(40.0731523315338,59.7336966488486,17.37));
#3569=CARTESIAN_POINT('',(40.0731523315338,60.2336966488486,15.87));
#3570=CARTESIAN_POINT('Origin',(27.0731523315338,60.2336966488486,15.87));
#3571=CARTESIAN_POINT('',(27.0731523315338,60.2336966488486,15.87));
#3572=CARTESIAN_POINT('',(27.0731523315338,60.2336966488486,15.87));
#3573=CARTESIAN_POINT('',(27.0731523315338,60.2336966488486,17.37));
#3574=CARTESIAN_POINT('',(27.0731523315338,60.2336966488486,17.37));
#3575=CARTESIAN_POINT('',(27.0731523315338,60.2336966488486,15.87));
#3576=CARTESIAN_POINT('Origin',(27.0731523315338,59.7336966488486,15.87));
#3577=CARTESIAN_POINT('',(26.5731523315338,59.7336966488486,15.87));
#3578=CARTESIAN_POINT('Origin',(27.0731523315338,59.7336966488486,15.87));
#3579=CARTESIAN_POINT('',(26.5731523315338,59.7336966488486,17.37));
#3580=CARTESIAN_POINT('Origin',(27.0731523315338,59.7336966488486,17.37));
#3581=CARTESIAN_POINT('',(26.5731523315338,59.7336966488486,15.87));
#3582=CARTESIAN_POINT('Origin',(26.5731523315338,46.7336966488486,15.87));
#3583=CARTESIAN_POINT('',(26.5731523315338,46.7336966488486,15.87));
#3584=CARTESIAN_POINT('',(26.5731523315338,46.7336966488486,15.87));
#3585=CARTESIAN_POINT('',(26.5731523315338,46.7336966488486,17.37));
#3586=CARTESIAN_POINT('',(26.5731523315338,46.7336966488486,17.37));
#3587=CARTESIAN_POINT('',(26.5731523315338,46.7336966488486,15.87));
#3588=CARTESIAN_POINT('Origin',(27.0731523315338,46.7336966488486,15.87));
#3589=CARTESIAN_POINT('',(27.0731523315338,46.2336966488486,15.87));
#3590=CARTESIAN_POINT('Origin',(27.0731523315338,46.7336966488486,15.87));
#3591=CARTESIAN_POINT('',(27.0731523315338,46.2336966488486,17.37));
#3592=CARTESIAN_POINT('Origin',(27.0731523315338,46.7336966488486,17.37));
#3593=CARTESIAN_POINT('',(27.0731523315338,46.2336966488486,15.87));
#3594=CARTESIAN_POINT('Origin',(40.0731523315338,46.2336966488486,15.87));
#3595=CARTESIAN_POINT('',(40.0731523315338,46.2336966488486,15.87));
#3596=CARTESIAN_POINT('',(40.0731523315338,46.2336966488486,15.87));
#3597=CARTESIAN_POINT('',(40.0731523315338,46.2336966488486,17.37));
#3598=CARTESIAN_POINT('',(40.0731523315338,46.2336966488486,17.37));
#3599=CARTESIAN_POINT('',(40.0731523315338,46.2336966488486,15.87));
#3600=CARTESIAN_POINT('Origin',(40.0731523315338,46.7336966488486,15.87));
#3601=CARTESIAN_POINT('Origin',(40.0731523315338,46.7336966488486,15.87));
#3602=CARTESIAN_POINT('Origin',(40.0731523315338,46.7336966488486,17.37));
#3603=CARTESIAN_POINT('Origin',(21.523152331534,40.6836966488486,15.87));
#3604=CARTESIAN_POINT('',(21.523152331534,40.6836966488486,15.87));
#3605=CARTESIAN_POINT('',(21.523152331534,27.6836966488486,15.87));
#3606=CARTESIAN_POINT('',(21.523152331534,40.6836966488486,15.87));
#3607=CARTESIAN_POINT('',(21.523152331534,27.6836966488486,17.37));
#3608=CARTESIAN_POINT('',(21.523152331534,27.6836966488486,15.87));
#3609=CARTESIAN_POINT('',(21.523152331534,40.6836966488486,17.37));
#3610=CARTESIAN_POINT('',(21.523152331534,40.6836966488486,17.37));
#3611=CARTESIAN_POINT('',(21.523152331534,40.6836966488486,15.87));
#3612=CARTESIAN_POINT('Origin',(21.023152331534,40.6836966488486,15.87));
#3613=CARTESIAN_POINT('',(21.023152331534,41.1836966488486,15.87));
#3614=CARTESIAN_POINT('Origin',(21.023152331534,40.6836966488486,15.87));
#3615=CARTESIAN_POINT('',(21.023152331534,41.1836966488486,17.37));
#3616=CARTESIAN_POINT('Origin',(21.023152331534,40.6836966488486,17.37));
#3617=CARTESIAN_POINT('',(21.023152331534,41.1836966488486,15.87));
#3618=CARTESIAN_POINT('Origin',(8.02315233153399,41.1836966488486,15.87));
#3619=CARTESIAN_POINT('',(8.02315233153399,41.1836966488486,15.87));
#3620=CARTESIAN_POINT('',(8.02315233153399,41.1836966488486,15.87));
#3621=CARTESIAN_POINT('',(8.02315233153399,41.1836966488486,17.37));
#3622=CARTESIAN_POINT('',(8.02315233153399,41.1836966488486,17.37));
#3623=CARTESIAN_POINT('',(8.02315233153399,41.1836966488486,15.87));
#3624=CARTESIAN_POINT('Origin',(8.02315233153399,40.6836966488486,15.87));
#3625=CARTESIAN_POINT('',(7.52315233153399,40.6836966488486,15.87));
#3626=CARTESIAN_POINT('Origin',(8.02315233153399,40.6836966488486,15.87));
#3627=CARTESIAN_POINT('',(7.52315233153399,40.6836966488486,17.37));
#3628=CARTESIAN_POINT('Origin',(8.02315233153399,40.6836966488486,17.37));
#3629=CARTESIAN_POINT('',(7.52315233153399,40.6836966488486,15.87));
#3630=CARTESIAN_POINT('Origin',(7.52315233153399,27.6836966488486,15.87));
#3631=CARTESIAN_POINT('',(7.52315233153399,27.6836966488486,15.87));
#3632=CARTESIAN_POINT('',(7.52315233153399,27.6836966488486,15.87));
#3633=CARTESIAN_POINT('',(7.52315233153399,27.6836966488486,17.37));
#3634=CARTESIAN_POINT('',(7.52315233153399,27.6836966488486,17.37));
#3635=CARTESIAN_POINT('',(7.52315233153399,27.6836966488486,15.87));
#3636=CARTESIAN_POINT('Origin',(8.02315233153399,27.6836966488486,15.87));
#3637=CARTESIAN_POINT('',(8.02315233153399,27.1836966488486,15.87));
#3638=CARTESIAN_POINT('Origin',(8.02315233153399,27.6836966488486,15.87));
#3639=CARTESIAN_POINT('',(8.02315233153399,27.1836966488486,17.37));
#3640=CARTESIAN_POINT('Origin',(8.02315233153399,27.6836966488486,17.37));
#3641=CARTESIAN_POINT('',(8.02315233153399,27.1836966488486,15.87));
#3642=CARTESIAN_POINT('Origin',(21.023152331534,27.1836966488486,15.87));
#3643=CARTESIAN_POINT('',(21.023152331534,27.1836966488486,15.87));
#3644=CARTESIAN_POINT('',(21.023152331534,27.1836966488486,15.87));
#3645=CARTESIAN_POINT('',(21.023152331534,27.1836966488486,17.37));
#3646=CARTESIAN_POINT('',(21.023152331534,27.1836966488486,17.37));
#3647=CARTESIAN_POINT('',(21.023152331534,27.1836966488486,15.87));
#3648=CARTESIAN_POINT('Origin',(21.023152331534,27.6836966488486,15.87));
#3649=CARTESIAN_POINT('Origin',(21.023152331534,27.6836966488486,15.87));
#3650=CARTESIAN_POINT('Origin',(21.023152331534,27.6836966488486,17.37));
#3651=CARTESIAN_POINT('Origin',(40.5731523315339,40.6836966488486,15.87));
#3652=CARTESIAN_POINT('',(40.5731523315339,40.6836966488486,15.87));
#3653=CARTESIAN_POINT('',(40.5731523315339,27.6836966488486,15.87));
#3654=CARTESIAN_POINT('',(40.5731523315339,40.6836966488486,15.87));
#3655=CARTESIAN_POINT('',(40.5731523315339,27.6836966488486,17.37));
#3656=CARTESIAN_POINT('',(40.5731523315339,27.6836966488486,15.87));
#3657=CARTESIAN_POINT('',(40.5731523315339,40.6836966488486,17.37));
#3658=CARTESIAN_POINT('',(40.5731523315339,40.6836966488486,17.37));
#3659=CARTESIAN_POINT('',(40.5731523315339,40.6836966488486,15.87));
#3660=CARTESIAN_POINT('Origin',(40.0731523315339,40.6836966488486,15.87));
#3661=CARTESIAN_POINT('',(40.0731523315339,41.1836966488486,15.87));
#3662=CARTESIAN_POINT('Origin',(40.0731523315339,40.6836966488486,15.87));
#3663=CARTESIAN_POINT('',(40.0731523315339,41.1836966488486,17.37));
#3664=CARTESIAN_POINT('Origin',(40.0731523315339,40.6836966488486,17.37));
#3665=CARTESIAN_POINT('',(40.0731523315339,41.1836966488486,15.87));
#3666=CARTESIAN_POINT('Origin',(27.0731523315339,41.1836966488486,15.87));
#3667=CARTESIAN_POINT('',(27.0731523315339,41.1836966488486,15.87));
#3668=CARTESIAN_POINT('',(27.0731523315339,41.1836966488486,15.87));
#3669=CARTESIAN_POINT('',(27.0731523315339,41.1836966488486,17.37));
#3670=CARTESIAN_POINT('',(27.0731523315339,41.1836966488486,17.37));
#3671=CARTESIAN_POINT('',(27.0731523315339,41.1836966488486,15.87));
#3672=CARTESIAN_POINT('Origin',(27.0731523315339,40.6836966488486,15.87));
#3673=CARTESIAN_POINT('',(26.5731523315339,40.6836966488486,15.87));
#3674=CARTESIAN_POINT('Origin',(27.0731523315339,40.6836966488486,15.87));
#3675=CARTESIAN_POINT('',(26.5731523315339,40.6836966488486,17.37));
#3676=CARTESIAN_POINT('Origin',(27.0731523315339,40.6836966488486,17.37));
#3677=CARTESIAN_POINT('',(26.5731523315339,40.6836966488486,15.87));
#3678=CARTESIAN_POINT('Origin',(26.5731523315339,27.6836966488486,15.87));
#3679=CARTESIAN_POINT('',(26.5731523315339,27.6836966488486,15.87));
#3680=CARTESIAN_POINT('',(26.5731523315339,27.6836966488486,15.87));
#3681=CARTESIAN_POINT('',(26.5731523315339,27.6836966488486,17.37));
#3682=CARTESIAN_POINT('',(26.5731523315339,27.6836966488486,17.37));
#3683=CARTESIAN_POINT('',(26.5731523315339,27.6836966488486,15.87));
#3684=CARTESIAN_POINT('Origin',(27.0731523315339,27.6836966488486,15.87));
#3685=CARTESIAN_POINT('',(27.0731523315339,27.1836966488486,15.87));
#3686=CARTESIAN_POINT('Origin',(27.0731523315339,27.6836966488486,15.87));
#3687=CARTESIAN_POINT('',(27.0731523315339,27.1836966488486,17.37));
#3688=CARTESIAN_POINT('Origin',(27.0731523315339,27.6836966488486,17.37));
#3689=CARTESIAN_POINT('',(27.0731523315339,27.1836966488486,15.87));
#3690=CARTESIAN_POINT('Origin',(40.0731523315339,27.1836966488486,15.87));
#3691=CARTESIAN_POINT('',(40.0731523315339,27.1836966488486,15.87));
#3692=CARTESIAN_POINT('',(40.0731523315339,27.1836966488486,15.87));
#3693=CARTESIAN_POINT('',(40.0731523315339,27.1836966488486,17.37));
#3694=CARTESIAN_POINT('',(40.0731523315339,27.1836966488486,17.37));
#3695=CARTESIAN_POINT('',(40.0731523315339,27.1836966488486,15.87));
#3696=CARTESIAN_POINT('Origin',(40.0731523315339,27.6836966488486,15.87));
#3697=CARTESIAN_POINT('Origin',(40.0731523315339,27.6836966488486,15.87));
#3698=CARTESIAN_POINT('Origin',(40.0731523315339,27.6836966488486,17.37));
#3699=CARTESIAN_POINT('Origin',(-4.49999999999998,-5.50000000000002,15.87));
#3700=CARTESIAN_POINT('',(-2.79999999999998,-5.50000000000002,17.37));
#3701=CARTESIAN_POINT('Origin',(-4.49999999999998,-5.50000000000002,17.37));
#3702=CARTESIAN_POINT('',(-2.79999999999998,-5.50000000000002,15.87));
#3703=CARTESIAN_POINT('',(-2.79999999999998,-5.50000000000002,15.87));
#3704=CARTESIAN_POINT('Origin',(-4.49999999999998,-5.50000000000002,15.87));
#3705=CARTESIAN_POINT('Origin',(59.6231523315338,40.6836966488486,15.87));
#3706=CARTESIAN_POINT('',(59.6231523315338,40.6836966488486,15.87));
#3707=CARTESIAN_POINT('',(59.6231523315338,27.6836966488486,15.87));
#3708=CARTESIAN_POINT('',(59.6231523315338,40.6836966488486,15.87));
#3709=CARTESIAN_POINT('',(59.6231523315338,27.6836966488486,17.37));
#3710=CARTESIAN_POINT('',(59.6231523315338,27.6836966488486,15.87));
#3711=CARTESIAN_POINT('',(59.6231523315338,40.6836966488486,17.37));
#3712=CARTESIAN_POINT('',(59.6231523315338,40.6836966488486,17.37));
#3713=CARTESIAN_POINT('',(59.6231523315338,40.6836966488486,15.87));
#3714=CARTESIAN_POINT('Origin',(59.1231523315338,40.6836966488486,15.87));
#3715=CARTESIAN_POINT('',(59.1231523315338,41.1836966488486,15.87));
#3716=CARTESIAN_POINT('Origin',(59.1231523315338,40.6836966488486,15.87));
#3717=CARTESIAN_POINT('',(59.1231523315338,41.1836966488486,17.37));
#3718=CARTESIAN_POINT('Origin',(59.1231523315338,40.6836966488486,17.37));
#3719=CARTESIAN_POINT('',(59.1231523315338,41.1836966488486,15.87));
#3720=CARTESIAN_POINT('Origin',(46.1231523315338,41.1836966488486,15.87));
#3721=CARTESIAN_POINT('',(46.1231523315338,41.1836966488486,15.87));
#3722=CARTESIAN_POINT('',(46.1231523315338,41.1836966488486,15.87));
#3723=CARTESIAN_POINT('',(46.1231523315338,41.1836966488486,17.37));
#3724=CARTESIAN_POINT('',(46.1231523315338,41.1836966488486,17.37));
#3725=CARTESIAN_POINT('',(46.1231523315338,41.1836966488486,15.87));
#3726=CARTESIAN_POINT('Origin',(46.1231523315338,40.6836966488486,15.87));
#3727=CARTESIAN_POINT('',(45.6231523315338,40.6836966488486,15.87));
#3728=CARTESIAN_POINT('Origin',(46.1231523315338,40.6836966488486,15.87));
#3729=CARTESIAN_POINT('',(45.6231523315338,40.6836966488486,17.37));
#3730=CARTESIAN_POINT('Origin',(46.1231523315338,40.6836966488486,17.37));
#3731=CARTESIAN_POINT('',(45.6231523315338,40.6836966488486,15.87));
#3732=CARTESIAN_POINT('Origin',(45.6231523315338,27.6836966488486,15.87));
#3733=CARTESIAN_POINT('',(45.6231523315338,27.6836966488486,15.87));
#3734=CARTESIAN_POINT('',(45.6231523315338,27.6836966488486,15.87));
#3735=CARTESIAN_POINT('',(45.6231523315338,27.6836966488486,17.37));
#3736=CARTESIAN_POINT('',(45.6231523315338,27.6836966488486,17.37));
#3737=CARTESIAN_POINT('',(45.6231523315338,27.6836966488486,15.87));
#3738=CARTESIAN_POINT('Origin',(46.1231523315338,27.6836966488486,15.87));
#3739=CARTESIAN_POINT('',(46.1231523315338,27.1836966488486,15.87));
#3740=CARTESIAN_POINT('Origin',(46.1231523315338,27.6836966488486,15.87));
#3741=CARTESIAN_POINT('',(46.1231523315338,27.1836966488486,17.37));
#3742=CARTESIAN_POINT('Origin',(46.1231523315338,27.6836966488486,17.37));
#3743=CARTESIAN_POINT('',(46.1231523315338,27.1836966488486,15.87));
#3744=CARTESIAN_POINT('Origin',(59.1231523315338,27.1836966488486,15.87));
#3745=CARTESIAN_POINT('',(59.1231523315338,27.1836966488486,15.87));
#3746=CARTESIAN_POINT('',(59.1231523315338,27.1836966488486,15.87));
#3747=CARTESIAN_POINT('',(59.1231523315338,27.1836966488486,17.37));
#3748=CARTESIAN_POINT('',(59.1231523315338,27.1836966488486,17.37));
#3749=CARTESIAN_POINT('',(59.1231523315338,27.1836966488486,15.87));
#3750=CARTESIAN_POINT('Origin',(59.1231523315338,27.6836966488486,15.87));
#3751=CARTESIAN_POINT('Origin',(59.1231523315338,27.6836966488486,15.87));
#3752=CARTESIAN_POINT('Origin',(59.1231523315338,27.6836966488486,17.37));
#3753=CARTESIAN_POINT('Origin',(59.6231523315338,59.7336966488486,15.87));
#3754=CARTESIAN_POINT('',(59.6231523315338,59.7336966488486,15.87));
#3755=CARTESIAN_POINT('',(59.6231523315338,46.7336966488485,15.87));
#3756=CARTESIAN_POINT('',(59.6231523315338,59.7336966488486,15.87));
#3757=CARTESIAN_POINT('',(59.6231523315338,46.7336966488485,17.37));
#3758=CARTESIAN_POINT('',(59.6231523315338,46.7336966488485,15.87));
#3759=CARTESIAN_POINT('',(59.6231523315338,59.7336966488486,17.37));
#3760=CARTESIAN_POINT('',(59.6231523315338,59.7336966488486,17.37));
#3761=CARTESIAN_POINT('',(59.6231523315338,59.7336966488486,15.87));
#3762=CARTESIAN_POINT('Origin',(59.1231523315338,59.7336966488486,15.87));
#3763=CARTESIAN_POINT('',(59.1231523315338,60.2336966488485,15.87));
#3764=CARTESIAN_POINT('Origin',(59.1231523315338,59.7336966488486,15.87));
#3765=CARTESIAN_POINT('',(59.1231523315338,60.2336966488485,17.37));
#3766=CARTESIAN_POINT('Origin',(59.1231523315338,59.7336966488486,17.37));
#3767=CARTESIAN_POINT('',(59.1231523315338,60.2336966488485,15.87));
#3768=CARTESIAN_POINT('Origin',(46.1231523315337,60.2336966488485,15.87));
#3769=CARTESIAN_POINT('',(46.1231523315337,60.2336966488485,15.87));
#3770=CARTESIAN_POINT('',(46.1231523315337,60.2336966488485,15.87));
#3771=CARTESIAN_POINT('',(46.1231523315337,60.2336966488485,17.37));
#3772=CARTESIAN_POINT('',(46.1231523315337,60.2336966488485,17.37));
#3773=CARTESIAN_POINT('',(46.1231523315337,60.2336966488485,15.87));
#3774=CARTESIAN_POINT('Origin',(46.1231523315337,59.7336966488486,15.87));
#3775=CARTESIAN_POINT('',(45.6231523315337,59.7336966488486,15.87));
#3776=CARTESIAN_POINT('Origin',(46.1231523315337,59.7336966488486,15.87));
#3777=CARTESIAN_POINT('',(45.6231523315337,59.7336966488486,17.37));
#3778=CARTESIAN_POINT('Origin',(46.1231523315337,59.7336966488486,17.37));
#3779=CARTESIAN_POINT('',(45.6231523315337,59.7336966488486,15.87));
#3780=CARTESIAN_POINT('Origin',(45.6231523315337,46.7336966488485,15.87));
#3781=CARTESIAN_POINT('',(45.6231523315337,46.7336966488485,15.87));
#3782=CARTESIAN_POINT('',(45.6231523315337,46.7336966488485,15.87));
#3783=CARTESIAN_POINT('',(45.6231523315337,46.7336966488485,17.37));
#3784=CARTESIAN_POINT('',(45.6231523315337,46.7336966488485,17.37));
#3785=CARTESIAN_POINT('',(45.6231523315337,46.7336966488485,15.87));
#3786=CARTESIAN_POINT('Origin',(46.1231523315337,46.7336966488485,15.87));
#3787=CARTESIAN_POINT('',(46.1231523315337,46.2336966488485,15.87));
#3788=CARTESIAN_POINT('Origin',(46.1231523315337,46.7336966488485,15.87));
#3789=CARTESIAN_POINT('',(46.1231523315337,46.2336966488485,17.37));
#3790=CARTESIAN_POINT('Origin',(46.1231523315337,46.7336966488485,17.37));
#3791=CARTESIAN_POINT('',(46.1231523315337,46.2336966488485,15.87));
#3792=CARTESIAN_POINT('Origin',(59.1231523315338,46.2336966488485,15.87));
#3793=CARTESIAN_POINT('',(59.1231523315338,46.2336966488485,15.87));
#3794=CARTESIAN_POINT('',(59.1231523315338,46.2336966488485,15.87));
#3795=CARTESIAN_POINT('',(59.1231523315338,46.2336966488485,17.37));
#3796=CARTESIAN_POINT('',(59.1231523315338,46.2336966488485,17.37));
#3797=CARTESIAN_POINT('',(59.1231523315338,46.2336966488485,15.87));
#3798=CARTESIAN_POINT('Origin',(59.1231523315338,46.7336966488485,15.87));
#3799=CARTESIAN_POINT('Origin',(59.1231523315338,46.7336966488485,15.87));
#3800=CARTESIAN_POINT('Origin',(59.1231523315338,46.7336966488485,17.37));
#3801=CARTESIAN_POINT('Origin',(78.6731523315338,40.6836966488486,15.87));
#3802=CARTESIAN_POINT('',(78.6731523315338,40.6836966488486,15.87));
#3803=CARTESIAN_POINT('',(78.6731523315338,27.6836966488486,15.87));
#3804=CARTESIAN_POINT('',(78.6731523315338,40.6836966488486,15.87));
#3805=CARTESIAN_POINT('',(78.6731523315338,27.6836966488486,17.37));
#3806=CARTESIAN_POINT('',(78.6731523315338,27.6836966488486,15.87));
#3807=CARTESIAN_POINT('',(78.6731523315338,40.6836966488486,17.37));
#3808=CARTESIAN_POINT('',(78.6731523315338,40.6836966488486,17.37));
#3809=CARTESIAN_POINT('',(78.6731523315338,40.6836966488486,15.87));
#3810=CARTESIAN_POINT('Origin',(78.1731523315338,40.6836966488486,15.87));
#3811=CARTESIAN_POINT('',(78.1731523315338,41.1836966488486,15.87));
#3812=CARTESIAN_POINT('Origin',(78.1731523315338,40.6836966488486,15.87));
#3813=CARTESIAN_POINT('',(78.1731523315338,41.1836966488486,17.37));
#3814=CARTESIAN_POINT('Origin',(78.1731523315338,40.6836966488486,17.37));
#3815=CARTESIAN_POINT('',(78.1731523315338,41.1836966488486,15.87));
#3816=CARTESIAN_POINT('Origin',(65.1731523315338,41.1836966488486,15.87));
#3817=CARTESIAN_POINT('',(65.1731523315338,41.1836966488486,15.87));
#3818=CARTESIAN_POINT('',(65.1731523315338,41.1836966488486,15.87));
#3819=CARTESIAN_POINT('',(65.1731523315338,41.1836966488486,17.37));
#3820=CARTESIAN_POINT('',(65.1731523315338,41.1836966488486,17.37));
#3821=CARTESIAN_POINT('',(65.1731523315338,41.1836966488486,15.87));
#3822=CARTESIAN_POINT('Origin',(65.1731523315338,40.6836966488486,15.87));
#3823=CARTESIAN_POINT('',(64.6731523315338,40.6836966488486,15.87));
#3824=CARTESIAN_POINT('Origin',(65.1731523315338,40.6836966488486,15.87));
#3825=CARTESIAN_POINT('',(64.6731523315338,40.6836966488486,17.37));
#3826=CARTESIAN_POINT('Origin',(65.1731523315338,40.6836966488486,17.37));
#3827=CARTESIAN_POINT('',(64.6731523315338,40.6836966488486,15.87));
#3828=CARTESIAN_POINT('Origin',(64.6731523315338,27.6836966488486,15.87));
#3829=CARTESIAN_POINT('',(64.6731523315338,27.6836966488486,15.87));
#3830=CARTESIAN_POINT('',(64.6731523315338,27.6836966488486,15.87));
#3831=CARTESIAN_POINT('',(64.6731523315338,27.6836966488486,17.37));
#3832=CARTESIAN_POINT('',(64.6731523315338,27.6836966488486,17.37));
#3833=CARTESIAN_POINT('',(64.6731523315338,27.6836966488486,15.87));
#3834=CARTESIAN_POINT('Origin',(65.1731523315338,27.6836966488486,15.87));
#3835=CARTESIAN_POINT('',(65.1731523315338,27.1836966488486,15.87));
#3836=CARTESIAN_POINT('Origin',(65.1731523315338,27.6836966488486,15.87));
#3837=CARTESIAN_POINT('',(65.1731523315338,27.1836966488486,17.37));
#3838=CARTESIAN_POINT('Origin',(65.1731523315338,27.6836966488486,17.37));
#3839=CARTESIAN_POINT('',(65.1731523315338,27.1836966488486,15.87));
#3840=CARTESIAN_POINT('Origin',(78.1731523315338,27.1836966488486,15.87));
#3841=CARTESIAN_POINT('',(78.1731523315338,27.1836966488486,15.87));
#3842=CARTESIAN_POINT('',(78.1731523315338,27.1836966488486,15.87));
#3843=CARTESIAN_POINT('',(78.1731523315338,27.1836966488486,17.37));
#3844=CARTESIAN_POINT('',(78.1731523315338,27.1836966488486,17.37));
#3845=CARTESIAN_POINT('',(78.1731523315338,27.1836966488486,15.87));
#3846=CARTESIAN_POINT('Origin',(78.1731523315338,27.6836966488486,15.87));
#3847=CARTESIAN_POINT('Origin',(78.1731523315338,27.6836966488486,15.87));
#3848=CARTESIAN_POINT('Origin',(78.1731523315338,27.6836966488486,17.37));
#3849=CARTESIAN_POINT('Origin',(78.6731523315338,21.6336966488486,15.87));
#3850=CARTESIAN_POINT('',(78.6731523315338,21.6336966488486,15.87));
#3851=CARTESIAN_POINT('',(78.6731523315338,8.63369664884863,15.87));
#3852=CARTESIAN_POINT('',(78.6731523315338,8.63369664884863,15.87));
#3853=CARTESIAN_POINT('',(78.6731523315338,8.63369664884863,17.37));
#3854=CARTESIAN_POINT('',(78.6731523315338,8.63369664884863,15.87));
#3855=CARTESIAN_POINT('',(78.6731523315338,21.6336966488486,17.37));
#3856=CARTESIAN_POINT('',(78.6731523315338,8.63369664884863,17.37));
#3857=CARTESIAN_POINT('',(78.6731523315338,21.6336966488486,15.87));
#3858=CARTESIAN_POINT('Origin',(78.1731523315338,21.6336966488486,15.87));
#3859=CARTESIAN_POINT('',(78.1731523315338,22.1336966488486,15.87));
#3860=CARTESIAN_POINT('Origin',(78.1731523315338,21.6336966488486,15.87));
#3861=CARTESIAN_POINT('',(78.1731523315338,22.1336966488486,17.37));
#3862=CARTESIAN_POINT('Origin',(78.1731523315338,21.6336966488486,17.37));
#3863=CARTESIAN_POINT('',(78.1731523315338,22.1336966488486,15.87));
#3864=CARTESIAN_POINT('Origin',(65.1731523315338,22.1336966488486,15.87));
#3865=CARTESIAN_POINT('',(65.1731523315338,22.1336966488486,15.87));
#3866=CARTESIAN_POINT('',(78.1731523315338,22.1336966488486,15.87));
#3867=CARTESIAN_POINT('',(65.1731523315338,22.1336966488486,17.37));
#3868=CARTESIAN_POINT('',(78.1731523315338,22.1336966488486,17.37));
#3869=CARTESIAN_POINT('',(65.1731523315338,22.1336966488486,15.87));
#3870=CARTESIAN_POINT('Origin',(65.1731523315338,21.6336966488486,15.87));
#3871=CARTESIAN_POINT('',(64.6731523315338,21.6336966488486,15.87));
#3872=CARTESIAN_POINT('Origin',(65.1731523315338,21.6336966488486,15.87));
#3873=CARTESIAN_POINT('',(64.6731523315338,21.6336966488486,17.37));
#3874=CARTESIAN_POINT('Origin',(65.1731523315338,21.6336966488486,17.37));
#3875=CARTESIAN_POINT('',(64.6731523315338,21.6336966488486,15.87));
#3876=CARTESIAN_POINT('Origin',(64.6731523315338,8.63369664884863,15.87));
#3877=CARTESIAN_POINT('',(64.6731523315338,8.63369664884863,15.87));
#3878=CARTESIAN_POINT('',(64.6731523315338,21.6336966488486,15.87));
#3879=CARTESIAN_POINT('',(64.6731523315338,8.63369664884862,17.37));
#3880=CARTESIAN_POINT('',(64.6731523315338,21.6336966488486,17.37));
#3881=CARTESIAN_POINT('',(64.6731523315338,8.63369664884863,15.87));
#3882=CARTESIAN_POINT('Origin',(65.1731523315338,8.63369664884863,15.87));
#3883=CARTESIAN_POINT('',(65.1731523315338,8.13369664884863,15.87));
#3884=CARTESIAN_POINT('Origin',(65.1731523315338,8.63369664884863,15.87));
#3885=CARTESIAN_POINT('',(65.1731523315338,8.13369664884863,17.37));
#3886=CARTESIAN_POINT('Origin',(65.1731523315338,8.63369664884863,17.37));
#3887=CARTESIAN_POINT('',(65.1731523315338,8.13369664884863,15.87));
#3888=CARTESIAN_POINT('Origin',(78.1731523315338,8.13369664884863,15.87));
#3889=CARTESIAN_POINT('',(78.1731523315338,8.13369664884863,15.87));
#3890=CARTESIAN_POINT('',(65.1731523315338,8.13369664884863,15.87));
#3891=CARTESIAN_POINT('',(78.1731523315338,8.13369664884863,17.37));
#3892=CARTESIAN_POINT('',(65.1731523315338,8.13369664884863,17.37));
#3893=CARTESIAN_POINT('',(78.1731523315338,8.13369664884863,15.87));
#3894=CARTESIAN_POINT('Origin',(78.1731523315338,8.63369664884863,15.87));
#3895=CARTESIAN_POINT('Origin',(78.1731523315338,8.63369664884863,15.87));
#3896=CARTESIAN_POINT('Origin',(78.1731523315338,8.63369664884863,17.37));
#3897=CARTESIAN_POINT('Origin',(46.1231523315339,22.1336966488487,15.87));
#3898=CARTESIAN_POINT('',(46.1231523315339,22.1336966488487,15.87));
#3899=CARTESIAN_POINT('',(59.1231523315339,22.1336966488487,15.87));
#3900=CARTESIAN_POINT('',(46.1231523315339,22.1336966488487,15.87));
#3901=CARTESIAN_POINT('',(59.1231523315339,22.1336966488487,17.37));
#3902=CARTESIAN_POINT('',(59.1231523315339,22.1336966488487,15.87));
#3903=CARTESIAN_POINT('',(46.1231523315339,22.1336966488487,17.37));
#3904=CARTESIAN_POINT('',(46.1231523315339,22.1336966488487,17.37));
#3905=CARTESIAN_POINT('',(46.1231523315339,22.1336966488487,15.87));
#3906=CARTESIAN_POINT('Origin',(46.1231523315339,21.6336966488487,15.87));
#3907=CARTESIAN_POINT('',(45.6231523315339,21.6336966488487,15.87));
#3908=CARTESIAN_POINT('Origin',(46.1231523315339,21.6336966488487,15.87));
#3909=CARTESIAN_POINT('',(45.6231523315339,21.6336966488487,17.37));
#3910=CARTESIAN_POINT('Origin',(46.1231523315339,21.6336966488487,17.37));
#3911=CARTESIAN_POINT('',(45.6231523315339,21.6336966488487,15.87));
#3912=CARTESIAN_POINT('Origin',(45.6231523315339,8.63369664884865,15.87));
#3913=CARTESIAN_POINT('',(45.6231523315339,8.63369664884865,15.87));
#3914=CARTESIAN_POINT('',(45.6231523315339,8.63369664884865,15.87));
#3915=CARTESIAN_POINT('',(45.6231523315339,8.63369664884865,17.37));
#3916=CARTESIAN_POINT('',(45.6231523315339,8.63369664884865,17.37));
#3917=CARTESIAN_POINT('',(45.6231523315339,8.63369664884865,15.87));
#3918=CARTESIAN_POINT('Origin',(46.1231523315339,8.63369664884865,15.87));
#3919=CARTESIAN_POINT('',(46.1231523315339,8.13369664884864,15.87));
#3920=CARTESIAN_POINT('Origin',(46.1231523315339,8.63369664884865,15.87));
#3921=CARTESIAN_POINT('',(46.1231523315339,8.13369664884864,17.37));
#3922=CARTESIAN_POINT('Origin',(46.1231523315339,8.63369664884865,17.37));
#3923=CARTESIAN_POINT('',(46.1231523315339,8.13369664884864,15.87));
#3924=CARTESIAN_POINT('Origin',(59.1231523315339,8.13369664884865,15.87));
#3925=CARTESIAN_POINT('',(59.1231523315339,8.13369664884865,15.87));
#3926=CARTESIAN_POINT('',(59.1231523315339,8.13369664884865,15.87));
#3927=CARTESIAN_POINT('',(59.1231523315339,8.13369664884865,17.37));
#3928=CARTESIAN_POINT('',(59.1231523315339,8.13369664884865,17.37));
#3929=CARTESIAN_POINT('',(59.1231523315339,8.13369664884865,15.87));
#3930=CARTESIAN_POINT('Origin',(59.1231523315339,8.63369664884865,15.87));
#3931=CARTESIAN_POINT('',(59.6231523315339,8.63369664884865,15.87));
#3932=CARTESIAN_POINT('Origin',(59.1231523315339,8.63369664884865,15.87));
#3933=CARTESIAN_POINT('',(59.6231523315339,8.63369664884865,17.37));
#3934=CARTESIAN_POINT('Origin',(59.1231523315339,8.63369664884865,17.37));
#3935=CARTESIAN_POINT('',(59.6231523315339,8.63369664884865,15.87));
#3936=CARTESIAN_POINT('Origin',(59.6231523315339,21.6336966488487,15.87));
#3937=CARTESIAN_POINT('',(59.6231523315339,21.6336966488487,15.87));
#3938=CARTESIAN_POINT('',(59.6231523315339,21.6336966488487,15.87));
#3939=CARTESIAN_POINT('',(59.6231523315339,21.6336966488487,17.37));
#3940=CARTESIAN_POINT('',(59.6231523315339,21.6336966488487,17.37));
#3941=CARTESIAN_POINT('',(59.6231523315339,21.6336966488487,15.87));
#3942=CARTESIAN_POINT('Origin',(59.1231523315339,21.6336966488487,15.87));
#3943=CARTESIAN_POINT('Origin',(59.1231523315339,21.6336966488487,15.87));
#3944=CARTESIAN_POINT('Origin',(59.1231523315339,21.6336966488487,17.37));
#3945=CARTESIAN_POINT('Origin',(-4.49999999999998,89.5,15.87));
#3946=CARTESIAN_POINT('',(-2.79999999999998,89.5,17.37));
#3947=CARTESIAN_POINT('Origin',(-4.49999999999998,89.5,17.37));
#3948=CARTESIAN_POINT('',(-2.79999999999998,89.5,15.87));
#3949=CARTESIAN_POINT('',(-2.79999999999998,89.5,15.87));
#3950=CARTESIAN_POINT('Origin',(-4.49999999999998,89.5,15.87));
#3951=CARTESIAN_POINT('Origin',(65.1731523315337,60.2336966488485,15.87));
#3952=CARTESIAN_POINT('',(65.1731523315337,60.2336966488485,15.87));
#3953=CARTESIAN_POINT('',(78.1731523315337,60.2336966488485,15.87));
#3954=CARTESIAN_POINT('',(78.1731523315337,60.2336966488485,15.87));
#3955=CARTESIAN_POINT('',(78.1731523315337,60.2336966488485,17.37));
#3956=CARTESIAN_POINT('',(78.1731523315337,60.2336966488485,15.87));
#3957=CARTESIAN_POINT('',(65.1731523315337,60.2336966488485,17.37));
#3958=CARTESIAN_POINT('',(78.1731523315337,60.2336966488485,17.37));
#3959=CARTESIAN_POINT('',(65.1731523315337,60.2336966488485,15.87));
#3960=CARTESIAN_POINT('Origin',(65.1731523315337,59.7336966488485,15.87));
#3961=CARTESIAN_POINT('',(64.6731523315337,59.7336966488485,15.87));
#3962=CARTESIAN_POINT('Origin',(65.1731523315337,59.7336966488485,15.87));
#3963=CARTESIAN_POINT('',(64.6731523315337,59.7336966488485,17.37));
#3964=CARTESIAN_POINT('Origin',(65.1731523315337,59.7336966488485,17.37));
#3965=CARTESIAN_POINT('',(64.6731523315337,59.7336966488485,15.87));
#3966=CARTESIAN_POINT('Origin',(64.6731523315337,46.7336966488485,15.87));
#3967=CARTESIAN_POINT('',(64.6731523315337,46.7336966488485,15.87));
#3968=CARTESIAN_POINT('',(64.6731523315337,59.7336966488485,15.87));
#3969=CARTESIAN_POINT('',(64.6731523315337,46.7336966488485,17.37));
#3970=CARTESIAN_POINT('',(64.6731523315337,59.7336966488485,17.37));
#3971=CARTESIAN_POINT('',(64.6731523315337,46.7336966488485,15.87));
#3972=CARTESIAN_POINT('Origin',(65.1731523315337,46.7336966488485,15.87));
#3973=CARTESIAN_POINT('',(65.1731523315337,46.2336966488485,15.87));
#3974=CARTESIAN_POINT('Origin',(65.1731523315337,46.7336966488485,15.87));
#3975=CARTESIAN_POINT('',(65.1731523315337,46.2336966488485,17.37));
#3976=CARTESIAN_POINT('Origin',(65.1731523315337,46.7336966488485,17.37));
#3977=CARTESIAN_POINT('',(65.1731523315337,46.2336966488485,15.87));
#3978=CARTESIAN_POINT('Origin',(78.1731523315337,46.2336966488485,15.87));
#3979=CARTESIAN_POINT('',(78.1731523315337,46.2336966488485,15.87));
#3980=CARTESIAN_POINT('',(65.1731523315337,46.2336966488485,15.87));
#3981=CARTESIAN_POINT('',(78.1731523315337,46.2336966488485,17.37));
#3982=CARTESIAN_POINT('',(65.1731523315337,46.2336966488485,17.37));
#3983=CARTESIAN_POINT('',(78.1731523315337,46.2336966488485,15.87));
#3984=CARTESIAN_POINT('Origin',(78.1731523315337,46.7336966488485,15.87));
#3985=CARTESIAN_POINT('',(78.6731523315337,46.7336966488485,15.87));
#3986=CARTESIAN_POINT('Origin',(78.1731523315337,46.7336966488485,15.87));
#3987=CARTESIAN_POINT('',(78.6731523315337,46.7336966488485,17.37));
#3988=CARTESIAN_POINT('Origin',(78.1731523315337,46.7336966488485,17.37));
#3989=CARTESIAN_POINT('',(78.6731523315337,46.7336966488485,15.87));
#3990=CARTESIAN_POINT('Origin',(78.6731523315337,59.7336966488485,15.87));
#3991=CARTESIAN_POINT('',(78.6731523315337,59.7336966488485,15.87));
#3992=CARTESIAN_POINT('',(78.6731523315337,46.7336966488485,15.87));
#3993=CARTESIAN_POINT('',(78.6731523315337,59.7336966488485,17.37));
#3994=CARTESIAN_POINT('',(78.6731523315337,46.7336966488485,17.37));
#3995=CARTESIAN_POINT('',(78.6731523315337,59.7336966488485,15.87));
#3996=CARTESIAN_POINT('Origin',(78.1731523315337,59.7336966488485,15.87));
#3997=CARTESIAN_POINT('Origin',(78.1731523315337,59.7336966488485,15.87));
#3998=CARTESIAN_POINT('Origin',(78.1731523315337,59.7336966488485,17.37));
#3999=CARTESIAN_POINT('Origin',(92.41,-5.50000000000001,15.87));
#4000=CARTESIAN_POINT('',(94.11,-5.50000000000001,17.37));
#4001=CARTESIAN_POINT('Origin',(92.41,-5.50000000000001,17.37));
#4002=CARTESIAN_POINT('',(94.11,-5.50000000000001,15.87));
#4003=CARTESIAN_POINT('',(94.11,-5.50000000000001,15.87));
#4004=CARTESIAN_POINT('Origin',(92.41,-5.50000000000001,15.87));
#4005=CARTESIAN_POINT('Origin',(92.41,89.5,15.87));
#4006=CARTESIAN_POINT('',(94.11,89.5,17.37));
#4007=CARTESIAN_POINT('Origin',(92.41,89.5,17.37));
#4008=CARTESIAN_POINT('',(94.11,89.5,15.87));
#4009=CARTESIAN_POINT('',(94.11,89.5,15.87));
#4010=CARTESIAN_POINT('Origin',(92.41,89.5,15.87));
#4011=CARTESIAN_POINT('Origin',(7.52315233153405,8.63369664884868,15.87));
#4012=CARTESIAN_POINT('',(7.52315233153405,8.63369664884868,15.87));
#4013=CARTESIAN_POINT('',(7.52315233153404,21.6336966488487,15.87));
#4014=CARTESIAN_POINT('',(7.52315233153405,21.6336966488487,15.87));
#4015=CARTESIAN_POINT('',(7.52315233153404,21.6336966488487,17.37));
#4016=CARTESIAN_POINT('',(7.52315233153404,21.6336966488487,15.87));
#4017=CARTESIAN_POINT('',(7.52315233153405,8.63369664884868,17.37));
#4018=CARTESIAN_POINT('',(7.52315233153405,21.6336966488487,17.37));
#4019=CARTESIAN_POINT('',(7.52315233153405,8.63369664884868,15.87));
#4020=CARTESIAN_POINT('Origin',(8.02315233153405,8.63369664884868,15.87));
#4021=CARTESIAN_POINT('',(8.02315233153405,8.13369664884868,15.87));
#4022=CARTESIAN_POINT('Origin',(8.02315233153405,8.63369664884868,15.87));
#4023=CARTESIAN_POINT('',(8.02315233153405,8.13369664884868,17.37));
#4024=CARTESIAN_POINT('Origin',(8.02315233153405,8.63369664884868,17.37));
#4025=CARTESIAN_POINT('',(8.02315233153405,8.13369664884868,15.87));
#4026=CARTESIAN_POINT('Origin',(21.023152331534,8.13369664884868,15.87));
#4027=CARTESIAN_POINT('',(21.023152331534,8.13369664884868,15.87));
#4028=CARTESIAN_POINT('',(8.02315233153405,8.13369664884868,15.87));
#4029=CARTESIAN_POINT('',(21.023152331534,8.13369664884868,17.37));
#4030=CARTESIAN_POINT('',(8.02315233153405,8.13369664884868,17.37));
#4031=CARTESIAN_POINT('',(21.023152331534,8.13369664884868,15.87));
#4032=CARTESIAN_POINT('Origin',(21.023152331534,8.63369664884868,15.87));
#4033=CARTESIAN_POINT('',(21.523152331534,8.63369664884868,15.87));
#4034=CARTESIAN_POINT('Origin',(21.023152331534,8.63369664884868,15.87));
#4035=CARTESIAN_POINT('',(21.523152331534,8.63369664884868,17.37));
#4036=CARTESIAN_POINT('Origin',(21.023152331534,8.63369664884868,17.37));
#4037=CARTESIAN_POINT('',(21.523152331534,8.63369664884868,15.87));
#4038=CARTESIAN_POINT('Origin',(21.523152331534,21.6336966488487,15.87));
#4039=CARTESIAN_POINT('',(21.523152331534,21.6336966488487,15.87));
#4040=CARTESIAN_POINT('',(21.523152331534,8.63369664884868,15.87));
#4041=CARTESIAN_POINT('',(21.523152331534,21.6336966488487,17.37));
#4042=CARTESIAN_POINT('',(21.523152331534,8.63369664884868,17.37));
#4043=CARTESIAN_POINT('',(21.523152331534,21.6336966488487,15.87));
#4044=CARTESIAN_POINT('Origin',(21.023152331534,21.6336966488487,15.87));
#4045=CARTESIAN_POINT('',(21.023152331534,22.1336966488487,15.87));
#4046=CARTESIAN_POINT('Origin',(21.023152331534,21.6336966488487,15.87));
#4047=CARTESIAN_POINT('',(21.023152331534,22.1336966488487,17.37));
#4048=CARTESIAN_POINT('Origin',(21.023152331534,21.6336966488487,17.37));
#4049=CARTESIAN_POINT('',(21.023152331534,22.1336966488487,15.87));
#4050=CARTESIAN_POINT('Origin',(8.02315233153404,22.1336966488487,15.87));
#4051=CARTESIAN_POINT('',(8.02315233153404,22.1336966488487,15.87));
#4052=CARTESIAN_POINT('',(21.023152331534,22.1336966488487,15.87));
#4053=CARTESIAN_POINT('',(8.02315233153404,22.1336966488487,17.37));
#4054=CARTESIAN_POINT('',(21.023152331534,22.1336966488487,17.37));
#4055=CARTESIAN_POINT('',(8.02315233153404,22.1336966488487,15.87));
#4056=CARTESIAN_POINT('Origin',(8.02315233153404,21.6336966488487,15.87));
#4057=CARTESIAN_POINT('Origin',(8.02315233153404,21.6336966488487,15.87));
#4058=CARTESIAN_POINT('Origin',(8.02315233153404,21.6336966488487,17.37));
#4059=CARTESIAN_POINT('Origin',(21.0231523315339,46.2336966488486,15.87));
#4060=CARTESIAN_POINT('',(21.0231523315339,46.2336966488486,15.87));
#4061=CARTESIAN_POINT('',(8.02315233153392,46.2336966488486,15.87));
#4062=CARTESIAN_POINT('',(21.0231523315339,46.2336966488486,15.87));
#4063=CARTESIAN_POINT('',(8.02315233153392,46.2336966488486,17.37));
#4064=CARTESIAN_POINT('',(8.02315233153392,46.2336966488486,15.87));
#4065=CARTESIAN_POINT('',(21.0231523315339,46.2336966488486,17.37));
#4066=CARTESIAN_POINT('',(21.0231523315339,46.2336966488486,17.37));
#4067=CARTESIAN_POINT('',(21.0231523315339,46.2336966488486,15.87));
#4068=CARTESIAN_POINT('Origin',(21.0231523315339,46.7336966488486,15.87));
#4069=CARTESIAN_POINT('',(21.5231523315339,46.7336966488486,15.87));
#4070=CARTESIAN_POINT('Origin',(21.0231523315339,46.7336966488486,15.87));
#4071=CARTESIAN_POINT('',(21.5231523315339,46.7336966488486,17.37));
#4072=CARTESIAN_POINT('Origin',(21.0231523315339,46.7336966488486,17.37));
#4073=CARTESIAN_POINT('',(21.5231523315339,46.7336966488486,15.87));
#4074=CARTESIAN_POINT('Origin',(21.5231523315339,59.7336966488486,15.87));
#4075=CARTESIAN_POINT('',(21.5231523315339,59.7336966488486,15.87));
#4076=CARTESIAN_POINT('',(21.5231523315339,59.7336966488486,15.87));
#4077=CARTESIAN_POINT('',(21.5231523315339,59.7336966488486,17.37));
#4078=CARTESIAN_POINT('',(21.5231523315339,59.7336966488486,17.37));
#4079=CARTESIAN_POINT('',(21.5231523315339,59.7336966488486,15.87));
#4080=CARTESIAN_POINT('Origin',(21.0231523315339,59.7336966488486,15.87));
#4081=CARTESIAN_POINT('',(21.0231523315339,60.2336966488486,15.87));
#4082=CARTESIAN_POINT('Origin',(21.0231523315339,59.7336966488486,15.87));
#4083=CARTESIAN_POINT('',(21.0231523315339,60.2336966488486,17.37));
#4084=CARTESIAN_POINT('Origin',(21.0231523315339,59.7336966488486,17.37));
#4085=CARTESIAN_POINT('',(21.0231523315339,60.2336966488486,15.87));
#4086=CARTESIAN_POINT('Origin',(8.02315233153392,60.2336966488486,15.87));
#4087=CARTESIAN_POINT('',(8.02315233153392,60.2336966488486,15.87));
#4088=CARTESIAN_POINT('',(8.02315233153392,60.2336966488486,15.87));
#4089=CARTESIAN_POINT('',(8.02315233153392,60.2336966488486,17.37));
#4090=CARTESIAN_POINT('',(8.02315233153392,60.2336966488486,17.37));
#4091=CARTESIAN_POINT('',(8.02315233153392,60.2336966488486,15.87));
#4092=CARTESIAN_POINT('Origin',(8.02315233153392,59.7336966488486,15.87));
#4093=CARTESIAN_POINT('',(7.52315233153392,59.7336966488486,15.87));
#4094=CARTESIAN_POINT('Origin',(8.02315233153392,59.7336966488486,15.87));
#4095=CARTESIAN_POINT('',(7.52315233153392,59.7336966488486,17.37));
#4096=CARTESIAN_POINT('Origin',(8.02315233153392,59.7336966488486,17.37));
#4097=CARTESIAN_POINT('',(7.52315233153392,59.7336966488486,15.87));
#4098=CARTESIAN_POINT('Origin',(7.52315233153392,46.7336966488486,15.87));
#4099=CARTESIAN_POINT('',(7.52315233153392,46.7336966488486,15.87));
#4100=CARTESIAN_POINT('',(7.52315233153392,46.7336966488486,15.87));
#4101=CARTESIAN_POINT('',(7.52315233153392,46.7336966488486,17.37));
#4102=CARTESIAN_POINT('',(7.52315233153392,46.7336966488486,17.37));
#4103=CARTESIAN_POINT('',(7.52315233153392,46.7336966488486,15.87));
#4104=CARTESIAN_POINT('Origin',(8.02315233153392,46.7336966488486,15.87));
#4105=CARTESIAN_POINT('Origin',(8.02315233153392,46.7336966488486,15.87));
#4106=CARTESIAN_POINT('Origin',(8.02315233153392,46.7336966488486,17.37));
#4107=CARTESIAN_POINT('Origin',(43.963,94.4999996817099,15.87));
#4108=CARTESIAN_POINT('',(-4.49999999999999,94.5,15.87));
#4109=CARTESIAN_POINT('',(43.963,94.4999996817099,15.87));
#4110=CARTESIAN_POINT('',(-4.49999999999999,94.5,17.37));
#4111=CARTESIAN_POINT('',(-4.49999999999999,94.5,15.87));
#4112=CARTESIAN_POINT('',(43.963,94.4999996817099,17.37));
#4113=CARTESIAN_POINT('Origin',(92.41,94.5,15.87));
#4114=CARTESIAN_POINT('',(92.41,94.5,15.87));
#4115=CARTESIAN_POINT('',(92.41,94.5,15.87));
#4116=CARTESIAN_POINT('',(92.41,94.5,17.37));
#4117=CARTESIAN_POINT('',(92.41,94.5,17.37));
#4118=CARTESIAN_POINT('',(92.41,94.5,15.87));
#4119=CARTESIAN_POINT('Origin',(92.41,89.5,15.87));
#4120=CARTESIAN_POINT('',(97.41,89.5,15.87));
#4121=CARTESIAN_POINT('Origin',(92.41,89.5,15.87));
#4122=CARTESIAN_POINT('',(97.41,89.5,17.37));
#4123=CARTESIAN_POINT('Origin',(92.41,89.5,17.37));
#4124=CARTESIAN_POINT('',(97.41,89.5,15.87));
#4125=CARTESIAN_POINT('Origin',(97.41,-5.50000000000002,15.87));
#4126=CARTESIAN_POINT('',(97.41,-5.50000000000002,15.87));
#4127=CARTESIAN_POINT('',(97.41,-5.50000000000002,15.87));
#4128=CARTESIAN_POINT('',(97.41,-5.50000000000002,17.37));
#4129=CARTESIAN_POINT('',(97.41,-5.50000000000002,17.37));
#4130=CARTESIAN_POINT('',(97.41,-5.50000000000002,15.87));
#4131=CARTESIAN_POINT('Origin',(92.41,-5.50000000000001,15.87));
#4132=CARTESIAN_POINT('',(92.41,-10.5,15.87));
#4133=CARTESIAN_POINT('Origin',(92.41,-5.50000000000001,15.87));
#4134=CARTESIAN_POINT('',(92.41,-10.5,17.37));
#4135=CARTESIAN_POINT('Origin',(92.41,-5.50000000000001,17.37));
#4136=CARTESIAN_POINT('',(92.41,-10.5,15.87));
#4137=CARTESIAN_POINT('Origin',(-4.49999999999998,-10.5,15.87));
#4138=CARTESIAN_POINT('',(-4.49999999999998,-10.5,15.87));
#4139=CARTESIAN_POINT('',(-4.49999999999998,-10.5,15.87));
#4140=CARTESIAN_POINT('',(-4.49999999999998,-10.5,17.37));
#4141=CARTESIAN_POINT('',(-4.49999999999998,-10.5,17.37));
#4142=CARTESIAN_POINT('',(-4.49999999999998,-10.5,15.87));
#4143=CARTESIAN_POINT('Origin',(-4.49999999999998,-5.50000000000002,15.87));
#4144=CARTESIAN_POINT('',(-9.49999999999998,-5.50000000000002,15.87));
#4145=CARTESIAN_POINT('Origin',(-4.49999999999998,-5.50000000000002,15.87));
#4146=CARTESIAN_POINT('',(-9.49999999999998,-5.50000000000002,17.37));
#4147=CARTESIAN_POINT('Origin',(-4.49999999999998,-5.50000000000002,17.37));
#4148=CARTESIAN_POINT('',(-9.49999999999998,-5.50000000000002,15.87));
#4149=CARTESIAN_POINT('Origin',(-9.49999999999998,89.5,15.87));
#4150=CARTESIAN_POINT('',(-9.49999999999998,89.5,15.87));
#4151=CARTESIAN_POINT('',(-9.49999999999998,89.5,15.87));
#4152=CARTESIAN_POINT('',(-9.49999999999998,89.5,17.37));
#4153=CARTESIAN_POINT('',(-9.49999999999998,89.5,17.37));
#4154=CARTESIAN_POINT('',(-9.49999999999998,89.5,15.87));
#4155=CARTESIAN_POINT('Origin',(-4.49999999999998,89.5,15.87));
#4156=CARTESIAN_POINT('Origin',(-4.49999999999998,89.5,15.87));
#4157=CARTESIAN_POINT('Origin',(-4.49999999999998,89.5,17.37));
#4158=CARTESIAN_POINT('Origin',(43.955,42.,17.37));
#4159=CARTESIAN_POINT('Origin',(43.955,42.,15.87));
#4160=CARTESIAN_POINT('',(0.,0.,-20.));
#4161=UNCERTAINTY_MEASURE_WITH_UNIT(LENGTH_MEASURE(0.01),#4167,
'DISTANCE_ACCURACY_VALUE',
'Maximum model space distance between geometric entities at asserted c
onnectivities');
#4162=UNCERTAINTY_MEASURE_WITH_UNIT(LENGTH_MEASURE(0.01),#4167,
'DISTANCE_ACCURACY_VALUE',
'Maximum model space distance between geometric entities at asserted c
onnectivities');
#4163=UNCERTAINTY_MEASURE_WITH_UNIT(LENGTH_MEASURE(0.01),#4167,
'DISTANCE_ACCURACY_VALUE',
'Maximum model space distance between geometric entities at asserted c
onnectivities');
#4164=(
GEOMETRIC_REPRESENTATION_CONTEXT(3)
GLOBAL_UNCERTAINTY_ASSIGNED_CONTEXT((#4161))
GLOBAL_UNIT_ASSIGNED_CONTEXT((#4167,#4168,#4169))
REPRESENTATION_CONTEXT('','3D')
);
#4165=(
GEOMETRIC_REPRESENTATION_CONTEXT(3)
GLOBAL_UNCERTAINTY_ASSIGNED_CONTEXT((#4162))
GLOBAL_UNIT_ASSIGNED_CONTEXT((#4167,#4168,#4169))
REPRESENTATION_CONTEXT('','3D')
);
#4166=(
GEOMETRIC_REPRESENTATION_CONTEXT(3)
GLOBAL_UNCERTAINTY_ASSIGNED_CONTEXT((#4163))
GLOBAL_UNIT_ASSIGNED_CONTEXT((#4167,#4168,#4169))
REPRESENTATION_CONTEXT('','3D')
);
#4167=(
LENGTH_UNIT()
NAMED_UNIT(*)
SI_UNIT(.MILLI.,.METRE.)
);
#4168=(
NAMED_UNIT(*)
PLANE_ANGLE_UNIT()
SI_UNIT($,.RADIAN.)
);
#4169=(
NAMED_UNIT(*)
SI_UNIT($,.STERADIAN.)
SOLID_ANGLE_UNIT()
);
#4170=SHAPE_DEFINITION_REPRESENTATION(#4172,#4175);
#4171=SHAPE_DEFINITION_REPRESENTATION(#4173,#4176);
#4172=PRODUCT_DEFINITION_SHAPE('',$,#4178);
#4173=PRODUCT_DEFINITION_SHAPE('',$,#4179);
#4174=PRODUCT_DEFINITION_SHAPE($,$,#14);
#4175=SHAPE_REPRESENTATION('',(#2485,#2722),#4164);
#4176=SHAPE_REPRESENTATION('',(#2486),#4165);
#4177=PRODUCT_DEFINITION_CONTEXT('part definition',#4185,'design');
#4178=PRODUCT_DEFINITION('2026-09-20-10-49-19-430','Case top',#4180,#4177);
#4179=PRODUCT_DEFINITION('2026-09-20-10-49-09-888','Assemled Keybie',#4181,
#4177);
#4180=PRODUCT_DEFINITION_FORMATION('',$,#4187);
#4181=PRODUCT_DEFINITION_FORMATION('',$,#4188);
#4182=PRODUCT_RELATED_PRODUCT_CATEGORY('Case top','Case top',(#4187));
#4183=PRODUCT_RELATED_PRODUCT_CATEGORY('Assemled Keybie',
'Assemled Keybie',(#4188));
#4184=APPLICATION_PROTOCOL_DEFINITION('international standard',
'automotive_design',2009,#4185);
#4185=APPLICATION_CONTEXT(
'Core Data for Automotive Mechanical Design Process');
#4186=PRODUCT_CONTEXT('part definition',#4185,'mechanical');
#4187=PRODUCT('2026-09-20-10-49-19-430','Case top',$,(#4186));
#4188=PRODUCT('2026-09-20-10-49-09-888','Assemled Keybie',$,(#4186));
#4189=PRESENTATION_STYLE_ASSIGNMENT((#4190));
#4190=SURFACE_STYLE_USAGE(.BOTH.,#4191);
#4191=SURFACE_SIDE_STYLE('',(#4192));
#4192=SURFACE_STYLE_FILL_AREA(#4193);
#4193=FILL_AREA_STYLE('Steel - Satin',(#4194));
#4194=FILL_AREA_STYLE_COLOUR('Steel - Satin',#4195);
#4195=COLOUR_RGB('Steel - Satin',0.627450980392157,0.627450980392157,0.627450980392157);
ENDSEC;
END-ISO-10303-21;
